experiment,description,model_name,seq_len,pred_len,feature_count,num_parameters,best_epoch,train_samples,val_samples,test_samples,val_mae,val_rmse,val_mse,test_mae,test_rmse,test_mse,checkpoint_path,history_path,prediction_val_path,prediction_test_path
A1,patch internal only,DLinear,24,12,10,611,7,421,117,117,0.06599681079387665,0.08559827882293727,0.007327065337449312,0.15273167192935944,0.4570732097437734,0.20891591906547546,/Users/dc/Z研究生/time_series/Time-Series-Library/outputs/slopemine_v2/formal_round1/checkpoints/A1_DLinear_best.pt,/Users/dc/Z研究生/time_series/Time-Series-Library/outputs/slopemine_v2/formal_round1/histories/A1_DLinear_history.csv,/Users/dc/Z研究生/time_series/Time-Series-Library/outputs/slopemine_v2/formal_round1/predictions/A1_DLinear_val.npz,/Users/dc/Z研究生/time_series/Time-Series-Library/outputs/slopemine_v2/formal_round1/predictions/A1_DLinear_test.npz
A1,patch internal only,LSTM,24,12,10,173679,6,421,117,117,0.04484058916568756,0.07309186450101014,0.005342420656234026,0.10407768934965134,0.45517364612758693,0.20718304812908173,/Users/dc/Z研究生/time_series/Time-Series-Library/outputs/slopemine_v2/formal_round1/checkpoints/A1_LSTM_best.pt,/Users/dc/Z研究生/time_series/Time-Series-Library/outputs/slopemine_v2/formal_round1/histories/A1_LSTM_history.csv,/Users/dc/Z研究生/time_series/Time-Series-Library/outputs/slopemine_v2/formal_round1/predictions/A1_LSTM_val.npz,/Users/dc/Z研究生/time_series/Time-Series-Library/outputs/slopemine_v2/formal_round1/predictions/A1_LSTM_test.npz
A1,patch internal only,PatchTST,24,12,10,18967,1,421,117,117,0.06925039738416672,0.08834334179524508,0.0078045460395514965,0.14178675413131714,0.46027264895805015,0.21185091137886047,/Users/dc/Z研究生/time_series/Time-Series-Library/outputs/slopemine_v2/formal_round1/checkpoints/A1_PatchTST_best.pt,/Users/dc/Z研究生/time_series/Time-Series-Library/outputs/slopemine_v2/formal_round1/histories/A1_PatchTST_history.csv,/Users/dc/Z研究生/time_series/Time-Series-Library/outputs/slopemine_v2/formal_round1/predictions/A1_PatchTST_val.npz,/Users/dc/Z研究生/time_series/Time-Series-Library/outputs/slopemine_v2/formal_round1/predictions/A1_PatchTST_test.npz
A1,patch internal only,STGCN,24,12,10,296069,6,421,117,117,0.04851886257529259,0.07503084365598854,0.005629627499729395,0.15001186728477478,0.49721459054181105,0.24722234904766083,/Users/dc/Z研究生/time_series/Time-Series-Library/outputs/slopemine_v2/formal_round1/checkpoints/A1_STGCN_best.pt,/Users/dc/Z研究生/time_series/Time-Series-Library/outputs/slopemine_v2/formal_round1/histories/A1_STGCN_history.csv,/Users/dc/Z研究生/time_series/Time-Series-Library/outputs/slopemine_v2/formal_round1/predictions/A1_STGCN_val.npz,/Users/dc/Z研究生/time_series/Time-Series-Library/outputs/slopemine_v2/formal_round1/predictions/A1_STGCN_test.npz
A1,patch internal only,TCN,24,12,10,170255,8,421,117,117,0.04064264893531799,0.0692213010748414,0.004791588522493839,0.15348054468631744,0.5002355318832067,0.25023558735847473,/Users/dc/Z研究生/time_series/Time-Series-Library/outputs/slopemine_v2/formal_round1/checkpoints/A1_TCN_best.pt,/Users/dc/Z研究生/time_series/Time-Series-Library/outputs/slopemine_v2/formal_round1/histories/A1_TCN_history.csv,/Users/dc/Z研究生/time_series/Time-Series-Library/outputs/slopemine_v2/formal_round1/predictions/A1_TCN_val.npz,/Users/dc/Z研究生/time_series/Time-Series-Library/outputs/slopemine_v2/formal_round1/predictions/A1_TCN_test.npz
A1,patch internal only,TimeFilter,24,12,10,23555,1,421,117,117,0.06881671398878098,0.08892136274386954,0.00790700875222683,0.15119048953056335,0.46475916181011706,0.21600107848644257,/Users/dc/Z研究生/time_series/Time-Series-Library/outputs/slopemine_v2/formal_round1/checkpoints/A1_TimeFilter_best.pt,/Users/dc/Z研究生/time_series/Time-Series-Library/outputs/slopemine_v2/formal_round1/histories/A1_TimeFilter_history.csv,/Users/dc/Z研究生/time_series/Time-Series-Library/outputs/slopemine_v2/formal_round1/predictions/A1_TimeFilter_val.npz,/Users/dc/Z研究生/time_series/Time-Series-Library/outputs/slopemine_v2/formal_round1/predictions/A1_TimeFilter_test.npz
A2,A1 + weather,DLinear,24,12,14,615,7,421,117,117,0.07886240631341934,0.09713204357113174,0.009434633888304234,0.1562807708978653,0.458002151421737,0.2097659707069397,/Users/dc/Z研究生/time_series/Time-Series-Library/outputs/slopemine_v2/formal_round1/checkpoints/A2_DLinear_best.pt,/Users/dc/Z研究生/time_series/Time-Series-Library/outputs/slopemine_v2/formal_round1/histories/A2_DLinear_history.csv,/Users/dc/Z研究生/time_series/Time-Series-Library/outputs/slopemine_v2/formal_round1/predictions/A2_DLinear_val.npz,/Users/dc/Z研究生/time_series/Time-Series-Library/outputs/slopemine_v2/formal_round1/predictions/A2_DLinear_test.npz
A2,A1 + weather,LSTM,24,12,14,173683,8,421,117,117,0.04303326830267906,0.07205673583530574,0.005192173179239035,0.10254345834255219,0.45488920096746877,0.2069241851568222,/Users/dc/Z研究生/time_series/Time-Series-Library/outputs/slopemine_v2/formal_round1/checkpoints/A2_LSTM_best.pt,/Users/dc/Z研究生/time_series/Time-Series-Library/outputs/slopemine_v2/formal_round1/histories/A2_LSTM_history.csv,/Users/dc/Z研究生/time_series/Time-Series-Library/outputs/slopemine_v2/formal_round1/predictions/A2_LSTM_val.npz,/Users/dc/Z研究生/time_series/Time-Series-Library/outputs/slopemine_v2/formal_round1/predictions/A2_LSTM_test.npz
A2,A1 + weather,PatchTST,24,12,14,18971,1,421,117,117,0.06758148968219757,0.08683439954390179,0.007540212944149971,0.1439387947320938,0.4549886263484287,0.20701465010643005,/Users/dc/Z研究生/time_series/Time-Series-Library/outputs/slopemine_v2/formal_round1/checkpoints/A2_PatchTST_best.pt,/Users/dc/Z研究生/time_series/Time-Series-Library/outputs/slopemine_v2/formal_round1/histories/A2_PatchTST_history.csv,/Users/dc/Z研究生/time_series/Time-Series-Library/outputs/slopemine_v2/formal_round1/predictions/A2_PatchTST_val.npz,/Users/dc/Z研究生/time_series/Time-Series-Library/outputs/slopemine_v2/formal_round1/predictions/A2_PatchTST_test.npz
A2,A1 + weather,STGCN,24,12,14,296073,5,421,117,117,0.07328004390001297,0.09558687643003892,0.009136850945651531,0.14933986961841583,0.470843788751064,0.22169387340545654,/Users/dc/Z研究生/time_series/Time-Series-Library/outputs/slopemine_v2/formal_round1/checkpoints/A2_STGCN_best.pt,/Users/dc/Z研究生/time_series/Time-Series-Library/outputs/slopemine_v2/formal_round1/histories/A2_STGCN_history.csv,/Users/dc/Z研究生/time_series/Time-Series-Library/outputs/slopemine_v2/formal_round1/predictions/A2_STGCN_val.npz,/Users/dc/Z研究生/time_series/Time-Series-Library/outputs/slopemine_v2/formal_round1/predictions/A2_STGCN_test.npz
A2,A1 + weather,TCN,24,12,14,170259,5,421,117,117,0.054929811507463455,0.08099466422396831,0.006560135632753372,0.16668204963207245,0.5128605458256358,0.2630259394645691,/Users/dc/Z研究生/time_series/Time-Series-Library/outputs/slopemine_v2/formal_round1/checkpoints/A2_TCN_best.pt,/Users/dc/Z研究生/time_series/Time-Series-Library/outputs/slopemine_v2/formal_round1/histories/A2_TCN_history.csv,/Users/dc/Z研究生/time_series/Time-Series-Library/outputs/slopemine_v2/formal_round1/predictions/A2_TCN_val.npz,/Users/dc/Z研究生/time_series/Time-Series-Library/outputs/slopemine_v2/formal_round1/predictions/A2_TCN_test.npz
A2,A1 + weather,TimeFilter,24,12,14,23559,3,421,117,117,0.04480714723467827,0.07721383907953443,0.005961976945400238,0.1633913367986679,0.4711282322095367,0.22196181118488312,/Users/dc/Z研究生/time_series/Time-Series-Library/outputs/slopemine_v2/formal_round1/checkpoints/A2_TimeFilter_best.pt,/Users/dc/Z研究生/time_series/Time-Series-Library/outputs/slopemine_v2/formal_round1/histories/A2_TimeFilter_history.csv,/Users/dc/Z研究生/time_series/Time-Series-Library/outputs/slopemine_v2/formal_round1/predictions/A2_TimeFilter_val.npz,/Users/dc/Z研究生/time_series/Time-Series-Library/outputs/slopemine_v2/formal_round1/predictions/A2_TimeFilter_test.npz
A3,A2 + blast V2,DLinear,24,12,21,622,7,421,117,117,0.08498193323612213,0.10367380957534028,0.010748258791863918,0.15807899832725525,0.45634136134385,0.20824743807315826,/Users/dc/Z研究生/time_series/Time-Series-Library/outputs/slopemine_v2/formal_round1/checkpoints/A3_DLinear_best.pt,/Users/dc/Z研究生/time_series/Time-Series-Library/outputs/slopemine_v2/formal_round1/histories/A3_DLinear_history.csv,/Users/dc/Z研究生/time_series/Time-Series-Library/outputs/slopemine_v2/formal_round1/predictions/A3_DLinear_val.npz,/Users/dc/Z研究生/time_series/Time-Series-Library/outputs/slopemine_v2/formal_round1/predictions/A3_DLinear_test.npz
A3,A2 + blast V2,LSTM,24,12,21,173690,8,421,117,117,0.04839332401752472,0.07982859462077983,0.0063726045191287994,0.10018598288297653,0.45424272537599814,0.20633645355701447,/Users/dc/Z研究生/time_series/Time-Series-Library/outputs/slopemine_v2/formal_round1/checkpoints/A3_LSTM_best.pt,/Users/dc/Z研究生/time_series/Time-Series-Library/outputs/slopemine_v2/formal_round1/histories/A3_LSTM_history.csv,/Users/dc/Z研究生/time_series/Time-Series-Library/outputs/slopemine_v2/formal_round1/predictions/A3_LSTM_val.npz,/Users/dc/Z研究生/time_series/Time-Series-Library/outputs/slopemine_v2/formal_round1/predictions/A3_LSTM_test.npz
A3,A2 + blast V2,PatchTST,24,12,21,18978,1,421,117,117,0.06488882750272751,0.08453658061133944,0.007146433461457491,0.1410578489303589,0.460284756914058,0.21186205744743347,/Users/dc/Z研究生/time_series/Time-Series-Library/outputs/slopemine_v2/formal_round1/checkpoints/A3_PatchTST_best.pt,/Users/dc/Z研究生/time_series/Time-Series-Library/outputs/slopemine_v2/formal_round1/histories/A3_PatchTST_history.csv,/Users/dc/Z研究生/time_series/Time-Series-Library/outputs/slopemine_v2/formal_round1/predictions/A3_PatchTST_val.npz,/Users/dc/Z研究生/time_series/Time-Series-Library/outputs/slopemine_v2/formal_round1/predictions/A3_PatchTST_test.npz
A3,A2 + blast V2,STGCN,24,12,21,296080,2,421,117,117,0.0565003976225853,0.08187516439945518,0.006703542545437813,0.14336054027080536,0.4751708551612736,0.22578734159469604,/Users/dc/Z研究生/time_series/Time-Series-Library/outputs/slopemine_v2/formal_round1/checkpoints/A3_STGCN_best.pt,/Users/dc/Z研究生/time_series/Time-Series-Library/outputs/slopemine_v2/formal_round1/histories/A3_STGCN_history.csv,/Users/dc/Z研究生/time_series/Time-Series-Library/outputs/slopemine_v2/formal_round1/predictions/A3_STGCN_val.npz,/Users/dc/Z研究生/time_series/Time-Series-Library/outputs/slopemine_v2/formal_round1/predictions/A3_STGCN_test.npz
A3,A2 + blast V2,TCN,24,12,21,170266,6,421,117,117,0.04573414474725723,0.08062277180435252,0.0065000313334167,0.14574173092842102,0.48985499258083565,0.23995791375637054,/Users/dc/Z研究生/time_series/Time-Series-Library/outputs/slopemine_v2/formal_round1/checkpoints/A3_TCN_best.pt,/Users/dc/Z研究生/time_series/Time-Series-Library/outputs/slopemine_v2/formal_round1/histories/A3_TCN_history.csv,/Users/dc/Z研究生/time_series/Time-Series-Library/outputs/slopemine_v2/formal_round1/predictions/A3_TCN_val.npz,/Users/dc/Z研究生/time_series/Time-Series-Library/outputs/slopemine_v2/formal_round1/predictions/A3_TCN_test.npz
A3,A2 + blast V2,TimeFilter,24,12,21,23566,2,421,117,117,0.04837065190076828,0.07834506927824204,0.006137949880212545,0.1514340341091156,0.46548513833731464,0.21667641401290894,/Users/dc/Z研究生/time_series/Time-Series-Library/outputs/slopemine_v2/formal_round1/checkpoints/A3_TimeFilter_best.pt,/Users/dc/Z研究生/time_series/Time-Series-Library/outputs/slopemine_v2/formal_round1/histories/A3_TimeFilter_history.csv,/Users/dc/Z研究生/time_series/Time-Series-Library/outputs/slopemine_v2/formal_round1/predictions/A3_TimeFilter_val.npz,/Users/dc/Z研究生/time_series/Time-Series-Library/outputs/slopemine_v2/formal_round1/predictions/A3_TimeFilter_test.npz
A4,A2 + blast V3 real-coordinate,DLinear,24,12,18,619,6,421,117,117,0.07770384103059769,0.09621132484664725,0.009256619028747082,0.1562422662973404,0.45784497975822247,0.20962202548980713,/Users/dc/Z研究生/time_series/Time-Series-Library/outputs/slopemine_v2/formal_round1/checkpoints/A4_DLinear_best.pt,/Users/dc/Z研究生/time_series/Time-Series-Library/outputs/slopemine_v2/formal_round1/histories/A4_DLinear_history.csv,/Users/dc/Z研究生/time_series/Time-Series-Library/outputs/slopemine_v2/formal_round1/predictions/A4_DLinear_val.npz,/Users/dc/Z研究生/time_series/Time-Series-Library/outputs/slopemine_v2/formal_round1/predictions/A4_DLinear_test.npz
A4,A2 + blast V3 real-coordinate,LSTM,24,12,18,173687,8,421,117,117,0.04410411790013313,0.08058663894451591,0.006494206376373768,0.10069987922906876,0.45497061314893383,0.20699825882911682,/Users/dc/Z研究生/time_series/Time-Series-Library/outputs/slopemine_v2/formal_round1/checkpoints/A4_LSTM_best.pt,/Users/dc/Z研究生/time_series/Time-Series-Library/outputs/slopemine_v2/formal_round1/histories/A4_LSTM_history.csv,/Users/dc/Z研究生/time_series/Time-Series-Library/outputs/slopemine_v2/formal_round1/predictions/A4_LSTM_val.npz,/Users/dc/Z研究生/time_series/Time-Series-Library/outputs/slopemine_v2/formal_round1/predictions/A4_LSTM_test.npz
A4,A2 + blast V3 real-coordinate,PatchTST,24,12,18,18975,1,421,117,117,0.06981212645769119,0.08827393182872185,0.007792287040501833,0.14364314079284668,0.4605830494632655,0.21213674545288086,/Users/dc/Z研究生/time_series/Time-Series-Library/outputs/slopemine_v2/formal_round1/checkpoints/A4_PatchTST_best.pt,/Users/dc/Z研究生/time_series/Time-Series-Library/outputs/slopemine_v2/formal_round1/histories/A4_PatchTST_history.csv,/Users/dc/Z研究生/time_series/Time-Series-Library/outputs/slopemine_v2/formal_round1/predictions/A4_PatchTST_val.npz,/Users/dc/Z研究生/time_series/Time-Series-Library/outputs/slopemine_v2/formal_round1/predictions/A4_PatchTST_test.npz
A4,A2 + blast V3 real-coordinate,STGCN,24,12,18,296077,8,421,117,117,0.06123248115181923,0.08426491600426597,0.007100576069205999,0.1430533528327942,0.4569669498955192,0.20881879329681396,/Users/dc/Z研究生/time_series/Time-Series-Library/outputs/slopemine_v2/formal_round1/checkpoints/A4_STGCN_best.pt,/Users/dc/Z研究生/time_series/Time-Series-Library/outputs/slopemine_v2/formal_round1/histories/A4_STGCN_history.csv,/Users/dc/Z研究生/time_series/Time-Series-Library/outputs/slopemine_v2/formal_round1/predictions/A4_STGCN_val.npz,/Users/dc/Z研究生/time_series/Time-Series-Library/outputs/slopemine_v2/formal_round1/predictions/A4_STGCN_test.npz
A4,A2 + blast V3 real-coordinate,TCN,24,12,18,170263,4,421,117,117,0.05232328549027443,0.08103901929972795,0.00656732264906168,0.17169617116451263,0.5067173225507412,0.25676244497299194,/Users/dc/Z研究生/time_series/Time-Series-Library/outputs/slopemine_v2/formal_round1/checkpoints/A4_TCN_best.pt,/Users/dc/Z研究生/time_series/Time-Series-Library/outputs/slopemine_v2/formal_round1/histories/A4_TCN_history.csv,/Users/dc/Z研究生/time_series/Time-Series-Library/outputs/slopemine_v2/formal_round1/predictions/A4_TCN_val.npz,/Users/dc/Z研究生/time_series/Time-Series-Library/outputs/slopemine_v2/formal_round1/predictions/A4_TCN_test.npz
A4,A2 + blast V3 real-coordinate,TimeFilter,24,12,18,23563,3,421,117,117,0.04696362465620041,0.08330833785384041,0.00694027915596962,0.1612892597913742,0.47419901560110456,0.22486470639705658,/Users/dc/Z研究生/time_series/Time-Series-Library/outputs/slopemine_v2/formal_round1/checkpoints/A4_TimeFilter_best.pt,/Users/dc/Z研究生/time_series/Time-Series-Library/outputs/slopemine_v2/formal_round1/histories/A4_TimeFilter_history.csv,/Users/dc/Z研究生/time_series/Time-Series-Library/outputs/slopemine_v2/formal_round1/predictions/A4_TimeFilter_val.npz,/Users/dc/Z研究生/time_series/Time-Series-Library/outputs/slopemine_v2/formal_round1/predictions/A4_TimeFilter_test.npz
