timestamp,blast_count,total_charge_kg,mean_charge_kg,max_ppv_est_mm_s,disturbance_index,blast_count_6h,charge_24h_kg
2024-06-01 00:00:00,0.0,0.0,0.0,0.0,0.0,0.0,0.0
2024-06-01 01:00:00,0.0,0.0,0.0,0.0,0.0,0.0,0.0
2024-06-01 02:00:00,0.0,0.0,0.0,0.0,0.0,0.0,0.0
2024-06-01 03:00:00,0.0,0.0,0.0,0.0,0.0,0.0,0.0
2024-06-01 04:00:00,0.0,0.0,0.0,0.0,0.0,0.0,0.0
2024-06-01 05:00:00,0.0,0.0,0.0,0.0,0.0,0.0,0.0
2024-06-01 06:00:00,0.0,0.0,0.0,0.0,0.0,0.0,0.0
2024-06-01 07:00:00,0.0,0.0,0.0,0.0,0.0,0.0,0.0
2024-06-01 08:00:00,0.0,0.0,0.0,0.0,0.0,0.0,0.0
2024-06-01 09:00:00,0.0,0.0,0.0,0.0,0.0,0.0,0.0
2024-06-01 10:00:00,1.0,250.0,250.0,10.11,1.636,1.0,250.0
2024-06-01 11:00:00,0.0,0.0,0.0,0.0,1.3848,1.0,250.0
2024-06-01 12:00:00,0.0,0.0,0.0,0.0,1.1722,1.0,250.0
2024-06-01 13:00:00,0.0,0.0,0.0,0.0,0.9923,1.0,250.0
2024-06-01 14:00:00,0.0,0.0,0.0,0.0,0.84,1.0,250.0
2024-06-01 15:00:00,1.0,171.5,171.5,5.48,1.6878,2.0,421.5
2024-06-01 16:00:00,0.0,0.0,0.0,0.0,1.4287,1.0,421.5
2024-06-01 17:00:00,0.0,0.0,0.0,0.0,1.2093,1.0,421.5
2024-06-01 18:00:00,0.0,0.0,0.0,0.0,1.0237,1.0,421.5
2024-06-01 19:00:00,0.0,0.0,0.0,0.0,0.8665,1.0,421.5
2024-06-01 20:00:00,0.0,0.0,0.0,0.0,0.7335,1.0,421.5
2024-06-01 21:00:00,0.0,0.0,0.0,0.0,0.6209,0.0,421.5
2024-06-01 22:00:00,0.0,0.0,0.0,0.0,0.5256,0.0,421.5
2024-06-01 23:00:00,0.0,0.0,0.0,0.0,0.4449,0.0,421.5
2024-06-02 00:00:00,0.0,0.0,0.0,0.0,0.3766,0.0,421.5
2024-06-02 01:00:00,0.0,0.0,0.0,0.0,0.3188,0.0,421.5
2024-06-02 02:00:00,0.0,0.0,0.0,0.0,0.2698,0.0,421.5
2024-06-02 03:00:00,0.0,0.0,0.0,0.0,0.2284,0.0,421.5
2024-06-02 04:00:00,0.0,0.0,0.0,0.0,0.1933,0.0,421.5
2024-06-02 05:00:00,0.0,0.0,0.0,0.0,0.1637,0.0,421.5
2024-06-02 06:00:00,0.0,0.0,0.0,0.0,0.1385,0.0,421.5
2024-06-02 07:00:00,0.0,0.0,0.0,0.0,0.1173,0.0,421.5
2024-06-02 08:00:00,0.0,0.0,0.0,0.0,0.0993,0.0,421.5
2024-06-02 09:00:00,0.0,0.0,0.0,0.0,0.084,0.0,421.5
2024-06-02 10:00:00,0.0,0.0,0.0,0.0,0.0711,0.0,171.5
2024-06-02 11:00:00,0.0,0.0,0.0,0.0,0.0602,0.0,171.5
2024-06-02 12:00:00,0.0,0.0,0.0,0.0,0.051,0.0,171.5
2024-06-02 13:00:00,0.0,0.0,0.0,0.0,0.0431,0.0,171.5
2024-06-02 14:00:00,0.0,0.0,0.0,0.0,0.0365,0.0,171.5
2024-06-02 15:00:00,0.0,0.0,0.0,0.0,0.0309,0.0,0.0
2024-06-02 16:00:00,0.0,0.0,0.0,0.0,0.0262,0.0,0.0
2024-06-02 17:00:00,0.0,0.0,0.0,0.0,0.0221,0.0,0.0
2024-06-02 18:00:00,0.0,0.0,0.0,0.0,0.0187,0.0,0.0
2024-06-02 19:00:00,0.0,0.0,0.0,0.0,0.0159,0.0,0.0
2024-06-02 20:00:00,0.0,0.0,0.0,0.0,0.0134,0.0,0.0
2024-06-02 21:00:00,0.0,0.0,0.0,0.0,0.0114,0.0,0.0
2024-06-02 22:00:00,0.0,0.0,0.0,0.0,0.0096,0.0,0.0
2024-06-02 23:00:00,0.0,0.0,0.0,0.0,0.0081,0.0,0.0
2024-06-03 00:00:00,0.0,0.0,0.0,0.0,0.0069,0.0,0.0
2024-06-03 01:00:00,0.0,0.0,0.0,0.0,0.0058,0.0,0.0
2024-06-03 02:00:00,0.0,0.0,0.0,0.0,0.0049,0.0,0.0
2024-06-03 03:00:00,0.0,0.0,0.0,0.0,0.0042,0.0,0.0
2024-06-03 04:00:00,0.0,0.0,0.0,0.0,0.0035,0.0,0.0
2024-06-03 05:00:00,0.0,0.0,0.0,0.0,0.003,0.0,0.0
2024-06-03 06:00:00,0.0,0.0,0.0,0.0,0.0025,0.0,0.0
2024-06-03 07:00:00,0.0,0.0,0.0,0.0,0.0021,0.0,0.0
2024-06-03 08:00:00,0.0,0.0,0.0,0.0,0.0018,0.0,0.0
2024-06-03 09:00:00,0.0,0.0,0.0,0.0,0.0015,0.0,0.0
2024-06-03 10:00:00,1.0,443.2,443.2,8.31,1.9403,1.0,443.2
2024-06-03 11:00:00,2.0,921.1,460.55,14.71,5.4162,3.0,1364.3
2024-06-03 12:00:00,0.0,0.0,0.0,0.0,4.5847,3.0,1364.3000000000002
2024-06-03 13:00:00,0.0,0.0,0.0,0.0,3.8809,3.0,1364.3000000000002
2024-06-03 14:00:00,0.0,0.0,0.0,0.0,3.2851,3.0,1364.3000000000002
2024-06-03 15:00:00,0.0,0.0,0.0,0.0,2.7808,3.0,1364.3000000000002
2024-06-03 16:00:00,0.0,0.0,0.0,0.0,2.3539,2.0,1364.3000000000002
2024-06-03 17:00:00,0.0,0.0,0.0,0.0,1.9925,0.0,1364.3000000000002
2024-06-03 18:00:00,0.0,0.0,0.0,0.0,1.6866,0.0,1364.3000000000002
2024-06-03 19:00:00,0.0,0.0,0.0,0.0,1.4277,0.0,1364.3000000000002
2024-06-03 20:00:00,0.0,0.0,0.0,0.0,1.2085,0.0,1364.3000000000002
2024-06-03 21:00:00,0.0,0.0,0.0,0.0,1.023,0.0,1364.3000000000002
2024-06-03 22:00:00,0.0,0.0,0.0,0.0,0.8659,0.0,1364.3000000000002
2024-06-03 23:00:00,0.0,0.0,0.0,0.0,0.733,0.0,1364.3000000000002
2024-06-04 00:00:00,0.0,0.0,0.0,0.0,0.6205,0.0,1364.3000000000002
2024-06-04 01:00:00,0.0,0.0,0.0,0.0,0.5252,0.0,1364.3000000000002
2024-06-04 02:00:00,0.0,0.0,0.0,0.0,0.4446,0.0,1364.3000000000002
2024-06-04 03:00:00,0.0,0.0,0.0,0.0,0.3763,0.0,1364.3000000000002
2024-06-04 04:00:00,0.0,0.0,0.0,0.0,0.3186,0.0,1364.3000000000002
2024-06-04 05:00:00,0.0,0.0,0.0,0.0,0.2697,0.0,1364.3000000000002
2024-06-04 06:00:00,0.0,0.0,0.0,0.0,0.2283,0.0,1364.3000000000002
2024-06-04 07:00:00,0.0,0.0,0.0,0.0,0.1932,0.0,1364.3000000000002
2024-06-04 08:00:00,0.0,0.0,0.0,0.0,0.1636,0.0,1364.3000000000002
2024-06-04 09:00:00,0.0,0.0,0.0,0.0,0.1384,0.0,1364.3000000000002
2024-06-04 10:00:00,1.0,379.2,379.2,8.6,1.9252,1.0,1300.3
2024-06-04 11:00:00,0.0,0.0,0.0,0.0,1.6296,1.0,379.2000000000001
2024-06-04 12:00:00,0.0,0.0,0.0,0.0,1.3795,1.0,379.2000000000001
2024-06-04 13:00:00,0.0,0.0,0.0,0.0,1.1677,1.0,379.2000000000001
2024-06-04 14:00:00,0.0,0.0,0.0,0.0,0.9884,1.0,379.2000000000001
2024-06-04 15:00:00,1.0,495.1,495.1,10.56,3.1304,2.0,874.3000000000002
2024-06-04 16:00:00,0.0,0.0,0.0,0.0,2.6499,1.0,874.3000000000002
2024-06-04 17:00:00,0.0,0.0,0.0,0.0,2.2431,1.0,874.3000000000002
2024-06-04 18:00:00,0.0,0.0,0.0,0.0,1.8987,1.0,874.3000000000002
2024-06-04 19:00:00,0.0,0.0,0.0,0.0,1.6072,1.0,874.3000000000002
2024-06-04 20:00:00,0.0,0.0,0.0,0.0,1.3605,1.0,874.3000000000002
2024-06-04 21:00:00,0.0,0.0,0.0,0.0,1.1516,0.0,874.3000000000002
2024-06-04 22:00:00,0.0,0.0,0.0,0.0,0.9748,0.0,874.3000000000002
2024-06-04 23:00:00,0.0,0.0,0.0,0.0,0.8252,0.0,874.3000000000002
2024-06-05 00:00:00,0.0,0.0,0.0,0.0,0.6985,0.0,874.3000000000002
2024-06-05 01:00:00,0.0,0.0,0.0,0.0,0.5913,0.0,874.3000000000002
2024-06-05 02:00:00,0.0,0.0,0.0,0.0,0.5005,0.0,874.3000000000002
2024-06-05 03:00:00,0.0,0.0,0.0,0.0,0.4237,0.0,874.3000000000002
2024-06-05 04:00:00,0.0,0.0,0.0,0.0,0.3586,0.0,874.3000000000002
2024-06-05 05:00:00,0.0,0.0,0.0,0.0,0.3036,0.0,874.3000000000002
2024-06-05 06:00:00,0.0,0.0,0.0,0.0,0.257,0.0,874.3000000000002
2024-06-05 07:00:00,0.0,0.0,0.0,0.0,0.2175,0.0,874.3000000000002
2024-06-05 08:00:00,0.0,0.0,0.0,0.0,0.1841,0.0,874.3000000000002
2024-06-05 09:00:00,1.0,451.7,451.7,17.71,3.0561,1.0,1326.0
2024-06-05 10:00:00,1.0,488.7,488.7,9.52,4.7607,2.0,1435.5
2024-06-05 11:00:00,2.0,937.8,468.9,9.07,7.2813,4.0,2373.3
2024-06-05 12:00:00,0.0,0.0,0.0,0.0,6.1635,4.0,2373.3
2024-06-05 13:00:00,0.0,0.0,0.0,0.0,5.2173,4.0,2373.3
2024-06-05 14:00:00,0.0,0.0,0.0,0.0,4.4164,4.0,2373.3
2024-06-05 15:00:00,0.0,0.0,0.0,0.0,3.7384,3.0,1878.2
2024-06-05 16:00:00,0.0,0.0,0.0,0.0,3.1645,2.0,1878.2
2024-06-05 17:00:00,0.0,0.0,0.0,0.0,2.6787,0.0,1878.2
2024-06-05 18:00:00,0.0,0.0,0.0,0.0,2.2674,0.0,1878.2
2024-06-05 19:00:00,0.0,0.0,0.0,0.0,1.9193,0.0,1878.2
2024-06-05 20:00:00,0.0,0.0,0.0,0.0,1.6247,0.0,1878.2
2024-06-05 21:00:00,0.0,0.0,0.0,0.0,1.3753,0.0,1878.2
2024-06-05 22:00:00,0.0,0.0,0.0,0.0,1.1641,0.0,1878.2
2024-06-05 23:00:00,0.0,0.0,0.0,0.0,0.9854,0.0,1878.2
2024-06-06 00:00:00,0.0,0.0,0.0,0.0,0.8341,0.0,1878.2
2024-06-06 01:00:00,0.0,0.0,0.0,0.0,0.7061,0.0,1878.2
2024-06-06 02:00:00,0.0,0.0,0.0,0.0,0.5977,0.0,1878.2
2024-06-06 03:00:00,0.0,0.0,0.0,0.0,0.5059,0.0,1878.2
2024-06-06 04:00:00,0.0,0.0,0.0,0.0,0.4283,0.0,1878.2
2024-06-06 05:00:00,0.0,0.0,0.0,0.0,0.3625,0.0,1878.2
2024-06-06 06:00:00,0.0,0.0,0.0,0.0,0.3069,0.0,1878.2
2024-06-06 07:00:00,0.0,0.0,0.0,0.0,0.2598,0.0,1878.2
2024-06-06 08:00:00,0.0,0.0,0.0,0.0,0.2199,0.0,1878.2
2024-06-06 09:00:00,1.0,278.5,278.5,9.25,1.8074,1.0,1705.0
2024-06-06 10:00:00,1.0,396.3,396.3,8.3,3.3507,2.0,1612.6
2024-06-06 11:00:00,0.0,0.0,0.0,0.0,2.8363,2.0,674.8
2024-06-06 12:00:00,0.0,0.0,0.0,0.0,2.4009,2.0,674.8
2024-06-06 13:00:00,0.0,0.0,0.0,0.0,2.0323,2.0,674.8
2024-06-06 14:00:00,0.0,0.0,0.0,0.0,1.7203,2.0,674.8
2024-06-06 15:00:00,0.0,0.0,0.0,0.0,1.4562,1.0,674.8
2024-06-06 16:00:00,0.0,0.0,0.0,0.0,1.2326,0.0,674.8
2024-06-06 17:00:00,0.0,0.0,0.0,0.0,1.0434,0.0,674.8
2024-06-06 18:00:00,0.0,0.0,0.0,0.0,0.8832,0.0,674.8
2024-06-06 19:00:00,0.0,0.0,0.0,0.0,0.7476,0.0,674.8
2024-06-06 20:00:00,0.0,0.0,0.0,0.0,0.6329,0.0,674.8
2024-06-06 21:00:00,0.0,0.0,0.0,0.0,0.5357,0.0,674.8
2024-06-06 22:00:00,0.0,0.0,0.0,0.0,0.4535,0.0,674.8
2024-06-06 23:00:00,0.0,0.0,0.0,0.0,0.3838,0.0,674.8
2024-06-07 00:00:00,0.0,0.0,0.0,0.0,0.3249,0.0,674.8
2024-06-07 01:00:00,0.0,0.0,0.0,0.0,0.275,0.0,674.8
2024-06-07 02:00:00,0.0,0.0,0.0,0.0,0.2328,0.0,674.8
2024-06-07 03:00:00,0.0,0.0,0.0,0.0,0.1971,0.0,674.8
2024-06-07 04:00:00,0.0,0.0,0.0,0.0,0.1668,0.0,674.8
2024-06-07 05:00:00,0.0,0.0,0.0,0.0,0.1412,0.0,674.8
2024-06-07 06:00:00,0.0,0.0,0.0,0.0,0.1195,0.0,674.8
2024-06-07 07:00:00,0.0,0.0,0.0,0.0,0.1012,0.0,674.8
2024-06-07 08:00:00,0.0,0.0,0.0,0.0,0.0856,0.0,674.8
2024-06-07 09:00:00,0.0,0.0,0.0,0.0,0.0725,0.0,396.3
2024-06-07 10:00:00,2.0,972.3000000000001,486.15000000000003,9.7,3.4621,2.0,972.3000000000001
2024-06-07 11:00:00,1.0,422.6,422.6,14.72,5.4591,3.0,1394.9
2024-06-07 12:00:00,0.0,0.0,0.0,0.0,4.621,3.0,1394.9
2024-06-07 13:00:00,0.0,0.0,0.0,0.0,3.9116,3.0,1394.9
2024-06-07 14:00:00,0.0,0.0,0.0,0.0,3.3111,3.0,1394.9
2024-06-07 15:00:00,1.0,373.0,373.0,8.85,4.6203,4.0,1767.9
2024-06-07 16:00:00,2.0,568.4,284.2,14.62,6.794,4.0,2336.3
2024-06-07 17:00:00,0.0,0.0,0.0,0.0,5.751,3.0,2336.3
2024-06-07 18:00:00,0.0,0.0,0.0,0.0,4.8681,3.0,2336.3
2024-06-07 19:00:00,0.0,0.0,0.0,0.0,4.1208,3.0,2336.3
2024-06-07 20:00:00,0.0,0.0,0.0,0.0,3.4882,3.0,2336.3
2024-06-07 21:00:00,0.0,0.0,0.0,0.0,2.9527,2.0,2336.3
2024-06-07 22:00:00,0.0,0.0,0.0,0.0,2.4994,0.0,2336.3
2024-06-07 23:00:00,0.0,0.0,0.0,0.0,2.1157,0.0,2336.3
2024-06-08 00:00:00,0.0,0.0,0.0,0.0,1.7909,0.0,2336.3
2024-06-08 01:00:00,0.0,0.0,0.0,0.0,1.5159,0.0,2336.3
2024-06-08 02:00:00,0.0,0.0,0.0,0.0,1.2832,0.0,2336.3
2024-06-08 03:00:00,0.0,0.0,0.0,0.0,1.0862,0.0,2336.3
2024-06-08 04:00:00,0.0,0.0,0.0,0.0,0.9195,0.0,2336.3
2024-06-08 05:00:00,0.0,0.0,0.0,0.0,0.7783,0.0,2336.3
2024-06-08 06:00:00,0.0,0.0,0.0,0.0,0.6588,0.0,2336.3
2024-06-08 07:00:00,0.0,0.0,0.0,0.0,0.5577,0.0,2336.3
2024-06-08 08:00:00,0.0,0.0,0.0,0.0,0.4721,0.0,2336.3
2024-06-08 09:00:00,1.0,266.0,266.0,7.29,1.7936,1.0,2602.3
2024-06-08 10:00:00,0.0,0.0,0.0,0.0,1.5182,1.0,1630.0
2024-06-08 11:00:00,0.0,0.0,0.0,0.0,1.2852,1.0,1207.4
2024-06-08 12:00:00,0.0,0.0,0.0,0.0,1.0879,1.0,1207.4
2024-06-08 13:00:00,0.0,0.0,0.0,0.0,0.9209,1.0,1207.4
2024-06-08 14:00:00,0.0,0.0,0.0,0.0,0.7795,1.0,1207.4
2024-06-08 15:00:00,0.0,0.0,0.0,0.0,0.6598,0.0,834.4
2024-06-08 16:00:00,1.0,226.2,226.2,14.26,2.55,1.0,492.2
2024-06-08 17:00:00,0.0,0.0,0.0,0.0,2.1586,1.0,492.2
2024-06-08 18:00:00,0.0,0.0,0.0,0.0,1.8272,1.0,492.2
2024-06-08 19:00:00,0.0,0.0,0.0,0.0,1.5467,1.0,492.2
2024-06-08 20:00:00,0.0,0.0,0.0,0.0,1.3092,1.0,492.2
2024-06-08 21:00:00,0.0,0.0,0.0,0.0,1.1082,1.0,492.2
2024-06-08 22:00:00,0.0,0.0,0.0,0.0,0.9381,0.0,492.2
2024-06-08 23:00:00,0.0,0.0,0.0,0.0,0.7941,0.0,492.2
2024-06-09 00:00:00,0.0,0.0,0.0,0.0,0.6722,0.0,492.2
2024-06-09 01:00:00,0.0,0.0,0.0,0.0,0.569,0.0,492.2
2024-06-09 02:00:00,0.0,0.0,0.0,0.0,0.4816,0.0,492.2
2024-06-09 03:00:00,0.0,0.0,0.0,0.0,0.4077,0.0,492.2
2024-06-09 04:00:00,0.0,0.0,0.0,0.0,0.3451,0.0,492.2
2024-06-09 05:00:00,0.0,0.0,0.0,0.0,0.2921,0.0,492.2
2024-06-09 06:00:00,0.0,0.0,0.0,0.0,0.2473,0.0,492.2
2024-06-09 07:00:00,0.0,0.0,0.0,0.0,0.2093,0.0,492.2
2024-06-09 08:00:00,0.0,0.0,0.0,0.0,0.1772,0.0,492.2
2024-06-09 09:00:00,0.0,0.0,0.0,0.0,0.15,0.0,226.2
2024-06-09 10:00:00,0.0,0.0,0.0,0.0,0.127,0.0,226.2
2024-06-09 11:00:00,0.0,0.0,0.0,0.0,0.1075,0.0,226.2
2024-06-09 12:00:00,0.0,0.0,0.0,0.0,0.091,0.0,226.2
2024-06-09 13:00:00,0.0,0.0,0.0,0.0,0.077,0.0,226.2
2024-06-09 14:00:00,0.0,0.0,0.0,0.0,0.0652,0.0,226.2
2024-06-09 15:00:00,0.0,0.0,0.0,0.0,0.0552,0.0,226.2
2024-06-09 16:00:00,0.0,0.0,0.0,0.0,0.0467,0.0,0.0
2024-06-09 17:00:00,0.0,0.0,0.0,0.0,0.0395,0.0,0.0
2024-06-09 18:00:00,0.0,0.0,0.0,0.0,0.0335,0.0,0.0
2024-06-09 19:00:00,0.0,0.0,0.0,0.0,0.0283,0.0,0.0
2024-06-09 20:00:00,0.0,0.0,0.0,0.0,0.024,0.0,0.0
2024-06-09 21:00:00,0.0,0.0,0.0,0.0,0.0203,0.0,0.0
2024-06-09 22:00:00,0.0,0.0,0.0,0.0,0.0172,0.0,0.0
2024-06-09 23:00:00,0.0,0.0,0.0,0.0,0.0145,0.0,0.0
2024-06-10 00:00:00,0.0,0.0,0.0,0.0,0.0123,0.0,0.0
2024-06-10 01:00:00,0.0,0.0,0.0,0.0,0.0104,0.0,0.0
2024-06-10 02:00:00,0.0,0.0,0.0,0.0,0.0088,0.0,0.0
2024-06-10 03:00:00,0.0,0.0,0.0,0.0,0.0075,0.0,0.0
2024-06-10 04:00:00,0.0,0.0,0.0,0.0,0.0063,0.0,0.0
2024-06-10 05:00:00,0.0,0.0,0.0,0.0,0.0054,0.0,0.0
2024-06-10 06:00:00,0.0,0.0,0.0,0.0,0.0045,0.0,0.0
2024-06-10 07:00:00,0.0,0.0,0.0,0.0,0.0038,0.0,0.0
2024-06-10 08:00:00,0.0,0.0,0.0,0.0,0.0032,0.0,0.0
2024-06-10 09:00:00,0.0,0.0,0.0,0.0,0.0027,0.0,0.0
2024-06-10 10:00:00,1.0,483.9,483.9,16.99,2.9111,1.0,483.9
2024-06-10 11:00:00,0.0,0.0,0.0,0.0,2.4642,1.0,483.9
2024-06-10 12:00:00,0.0,0.0,0.0,0.0,2.0859,1.0,483.9
2024-06-10 13:00:00,0.0,0.0,0.0,0.0,1.7657,1.0,483.9
2024-06-10 14:00:00,0.0,0.0,0.0,0.0,1.4946,1.0,483.9
2024-06-10 15:00:00,0.0,0.0,0.0,0.0,1.2651,1.0,483.9
2024-06-10 16:00:00,0.0,0.0,0.0,0.0,1.0709,0.0,483.9
2024-06-10 17:00:00,1.0,327.1,327.1,21.3,3.8543,1.0,811.0
2024-06-10 18:00:00,0.0,0.0,0.0,0.0,3.2626,1.0,811.0
2024-06-10 19:00:00,0.0,0.0,0.0,0.0,2.7617,1.0,811.0
2024-06-10 20:00:00,0.0,0.0,0.0,0.0,2.3377,1.0,811.0
2024-06-10 21:00:00,0.0,0.0,0.0,0.0,1.9788,1.0,811.0
2024-06-10 22:00:00,0.0,0.0,0.0,0.0,1.6751,1.0,811.0
2024-06-10 23:00:00,0.0,0.0,0.0,0.0,1.4179,0.0,811.0
2024-06-11 00:00:00,0.0,0.0,0.0,0.0,1.2002,0.0,811.0
2024-06-11 01:00:00,0.0,0.0,0.0,0.0,1.016,0.0,811.0
2024-06-11 02:00:00,0.0,0.0,0.0,0.0,0.86,0.0,811.0
2024-06-11 03:00:00,0.0,0.0,0.0,0.0,0.728,0.0,811.0
2024-06-11 04:00:00,0.0,0.0,0.0,0.0,0.6162,0.0,811.0
2024-06-11 05:00:00,0.0,0.0,0.0,0.0,0.5216,0.0,811.0
2024-06-11 06:00:00,0.0,0.0,0.0,0.0,0.4415,0.0,811.0
2024-06-11 07:00:00,0.0,0.0,0.0,0.0,0.3738,0.0,811.0
2024-06-11 08:00:00,0.0,0.0,0.0,0.0,0.3164,0.0,811.0
2024-06-11 09:00:00,1.0,492.1,492.1,13.5,2.8481,1.0,1303.1
2024-06-11 10:00:00,2.0,936.4,468.2,20.64,6.8158,3.0,1755.6
2024-06-11 11:00:00,0.0,0.0,0.0,0.0,5.7695,3.0,1755.6
2024-06-11 12:00:00,0.0,0.0,0.0,0.0,4.8838,3.0,1755.6
2024-06-11 13:00:00,0.0,0.0,0.0,0.0,4.134,3.0,1755.6
2024-06-11 14:00:00,0.0,0.0,0.0,0.0,3.4994,3.0,1755.6
2024-06-11 15:00:00,1.0,230.1,230.1,4.21,3.9584,3.0,1985.7
2024-06-11 16:00:00,1.0,516.1,516.1,18.93,6.534,2.0,2501.8
2024-06-11 17:00:00,0.0,0.0,0.0,0.0,5.5309,2.0,2174.7000000000003
2024-06-11 18:00:00,0.0,0.0,0.0,0.0,4.6818,2.0,2174.7000000000003
2024-06-11 19:00:00,0.0,0.0,0.0,0.0,3.963,2.0,2174.7000000000003
2024-06-11 20:00:00,0.0,0.0,0.0,0.0,3.3546,2.0,2174.7000000000003
2024-06-11 21:00:00,0.0,0.0,0.0,0.0,2.8396,1.0,2174.7000000000003
2024-06-11 22:00:00,0.0,0.0,0.0,0.0,2.4037,0.0,2174.7000000000003
2024-06-11 23:00:00,0.0,0.0,0.0,0.0,2.0347,0.0,2174.7000000000003
2024-06-12 00:00:00,0.0,0.0,0.0,0.0,1.7223,0.0,2174.7000000000003
2024-06-12 01:00:00,0.0,0.0,0.0,0.0,1.4579,0.0,2174.7000000000003
2024-06-12 02:00:00,0.0,0.0,0.0,0.0,1.2341,0.0,2174.7000000000003
2024-06-12 03:00:00,0.0,0.0,0.0,0.0,1.0446,0.0,2174.7000000000003
2024-06-12 04:00:00,0.0,0.0,0.0,0.0,0.8843,0.0,2174.7000000000003
2024-06-12 05:00:00,0.0,0.0,0.0,0.0,0.7485,0.0,2174.7000000000003
2024-06-12 06:00:00,0.0,0.0,0.0,0.0,0.6336,0.0,2174.7000000000003
2024-06-12 07:00:00,0.0,0.0,0.0,0.0,0.5363,0.0,2174.7000000000003
2024-06-12 08:00:00,0.0,0.0,0.0,0.0,0.454,0.0,2174.7000000000003
2024-06-12 09:00:00,1.0,165.5,165.5,6.58,1.4561,1.0,1848.1
2024-06-12 10:00:00,0.0,0.0,0.0,0.0,1.2325,1.0,911.7
2024-06-12 11:00:00,0.0,0.0,0.0,0.0,1.0433,1.0,911.7
2024-06-12 12:00:00,0.0,0.0,0.0,0.0,0.8831,1.0,911.7
2024-06-12 13:00:00,0.0,0.0,0.0,0.0,0.7476,1.0,911.7
2024-06-12 14:00:00,0.0,0.0,0.0,0.0,0.6328,1.0,911.7
2024-06-12 15:00:00,1.0,413.9,413.9,8.4,2.4104,1.0,1095.5
2024-06-12 16:00:00,0.0,0.0,0.0,0.0,2.0404,1.0,579.4
2024-06-12 17:00:00,0.0,0.0,0.0,0.0,1.7271,1.0,579.4
2024-06-12 18:00:00,0.0,0.0,0.0,0.0,1.462,1.0,579.4
2024-06-12 19:00:00,0.0,0.0,0.0,0.0,1.2375,1.0,579.4
2024-06-12 20:00:00,0.0,0.0,0.0,0.0,1.0476,1.0,579.4
2024-06-12 21:00:00,0.0,0.0,0.0,0.0,0.8867,0.0,579.4
2024-06-12 22:00:00,0.0,0.0,0.0,0.0,0.7506,0.0,579.4
2024-06-12 23:00:00,0.0,0.0,0.0,0.0,0.6354,0.0,579.4
2024-06-13 00:00:00,0.0,0.0,0.0,0.0,0.5378,0.0,579.4
2024-06-13 01:00:00,0.0,0.0,0.0,0.0,0.4553,0.0,579.4
2024-06-13 02:00:00,0.0,0.0,0.0,0.0,0.3854,0.0,579.4
2024-06-13 03:00:00,0.0,0.0,0.0,0.0,0.3262,0.0,579.4
2024-06-13 04:00:00,0.0,0.0,0.0,0.0,0.2761,0.0,579.4
2024-06-13 05:00:00,0.0,0.0,0.0,0.0,0.2337,0.0,579.4
2024-06-13 06:00:00,0.0,0.0,0.0,0.0,0.1979,0.0,579.4
2024-06-13 07:00:00,0.0,0.0,0.0,0.0,0.1675,0.0,579.4
2024-06-13 08:00:00,0.0,0.0,0.0,0.0,0.1418,0.0,579.4
2024-06-13 09:00:00,0.0,0.0,0.0,0.0,0.12,0.0,413.9
2024-06-13 10:00:00,0.0,0.0,0.0,0.0,0.1016,0.0,413.9
2024-06-13 11:00:00,0.0,0.0,0.0,0.0,0.086,0.0,413.9
2024-06-13 12:00:00,0.0,0.0,0.0,0.0,0.0728,0.0,413.9
2024-06-13 13:00:00,0.0,0.0,0.0,0.0,0.0616,0.0,413.9
2024-06-13 14:00:00,0.0,0.0,0.0,0.0,0.0522,0.0,413.9
2024-06-13 15:00:00,1.0,228.4,228.4,11.77,1.7921,1.0,228.4
2024-06-13 16:00:00,0.0,0.0,0.0,0.0,1.517,1.0,228.4
2024-06-13 17:00:00,1.0,299.1,299.1,5.78,2.6099,2.0,527.5
2024-06-13 18:00:00,0.0,0.0,0.0,0.0,2.2092,2.0,527.5
2024-06-13 19:00:00,0.0,0.0,0.0,0.0,1.8701,2.0,527.5
2024-06-13 20:00:00,0.0,0.0,0.0,0.0,1.583,2.0,527.5
2024-06-13 21:00:00,0.0,0.0,0.0,0.0,1.34,1.0,527.5
2024-06-13 22:00:00,0.0,0.0,0.0,0.0,1.1342,1.0,527.5
2024-06-13 23:00:00,0.0,0.0,0.0,0.0,0.9601,0.0,527.5
2024-06-14 00:00:00,0.0,0.0,0.0,0.0,0.8127,0.0,527.5
2024-06-14 01:00:00,0.0,0.0,0.0,0.0,0.688,0.0,527.5
2024-06-14 02:00:00,0.0,0.0,0.0,0.0,0.5823,0.0,527.5
2024-06-14 03:00:00,0.0,0.0,0.0,0.0,0.4929,0.0,527.5
2024-06-14 04:00:00,0.0,0.0,0.0,0.0,0.4173,0.0,527.5
2024-06-14 05:00:00,0.0,0.0,0.0,0.0,0.3532,0.0,527.5
2024-06-14 06:00:00,0.0,0.0,0.0,0.0,0.299,0.0,527.5
2024-06-14 07:00:00,0.0,0.0,0.0,0.0,0.2531,0.0,527.5
2024-06-14 08:00:00,0.0,0.0,0.0,0.0,0.2142,0.0,527.5
2024-06-14 09:00:00,2.0,630.4,315.2,18.95,3.6523,2.0,1157.9
2024-06-14 10:00:00,0.0,0.0,0.0,0.0,3.0916,2.0,1157.9
2024-06-14 11:00:00,2.0,910.7,455.35,12.84,6.1778,4.0,2068.6
2024-06-14 12:00:00,0.0,0.0,0.0,0.0,5.2294,4.0,2068.6
2024-06-14 13:00:00,0.0,0.0,0.0,0.0,4.4266,4.0,2068.6
2024-06-14 14:00:00,1.0,326.3,326.3,14.23,5.9858,5.0,2394.9
2024-06-14 15:00:00,1.0,370.7,370.7,8.65,6.8586,4.0,2537.2
2024-06-14 16:00:00,2.0,602.8,301.4,10.88,8.4007,6.0,3140.0
2024-06-14 17:00:00,0.0,0.0,0.0,0.0,7.111,4.0,2840.9
2024-06-14 18:00:00,0.0,0.0,0.0,0.0,6.0193,4.0,2840.9
2024-06-14 19:00:00,0.0,0.0,0.0,0.0,5.0953,4.0,2840.9
2024-06-14 20:00:00,0.0,0.0,0.0,0.0,4.313,3.0,2840.9
2024-06-14 21:00:00,0.0,0.0,0.0,0.0,3.6509,2.0,2840.9
2024-06-14 22:00:00,0.0,0.0,0.0,0.0,3.0904,0.0,2840.9
2024-06-14 23:00:00,0.0,0.0,0.0,0.0,2.616,0.0,2840.9
2024-06-15 00:00:00,0.0,0.0,0.0,0.0,2.2144,0.0,2840.9
2024-06-15 01:00:00,0.0,0.0,0.0,0.0,1.8744,0.0,2840.9
2024-06-15 02:00:00,0.0,0.0,0.0,0.0,1.5867,0.0,2840.9
2024-06-15 03:00:00,0.0,0.0,0.0,0.0,1.3431,0.0,2840.9
2024-06-15 04:00:00,0.0,0.0,0.0,0.0,1.1369,0.0,2840.9
2024-06-15 05:00:00,0.0,0.0,0.0,0.0,0.9624,0.0,2840.9
2024-06-15 06:00:00,0.0,0.0,0.0,0.0,0.8146,0.0,2840.9
2024-06-15 07:00:00,0.0,0.0,0.0,0.0,0.6896,0.0,2840.9
2024-06-15 08:00:00,0.0,0.0,0.0,0.0,0.5837,0.0,2840.9
2024-06-15 09:00:00,0.0,0.0,0.0,0.0,0.4941,0.0,2210.5
2024-06-15 10:00:00,0.0,0.0,0.0,0.0,0.4182,0.0,2210.5
2024-06-15 11:00:00,0.0,0.0,0.0,0.0,0.354,0.0,1299.8000000000002
2024-06-15 12:00:00,0.0,0.0,0.0,0.0,0.2997,0.0,1299.8000000000002
2024-06-15 13:00:00,0.0,0.0,0.0,0.0,0.2537,0.0,1299.8000000000002
2024-06-15 14:00:00,0.0,0.0,0.0,0.0,0.2147,0.0,973.4999999999999
2024-06-15 15:00:00,0.0,0.0,0.0,0.0,0.1818,0.0,602.8
2024-06-15 16:00:00,0.0,0.0,0.0,0.0,0.1539,0.0,0.0
2024-06-15 17:00:00,0.0,0.0,0.0,0.0,0.1302,0.0,0.0
2024-06-15 18:00:00,0.0,0.0,0.0,0.0,0.1102,0.0,0.0
2024-06-15 19:00:00,0.0,0.0,0.0,0.0,0.0933,0.0,0.0
2024-06-15 20:00:00,0.0,0.0,0.0,0.0,0.079,0.0,0.0
2024-06-15 21:00:00,0.0,0.0,0.0,0.0,0.0669,0.0,0.0
2024-06-15 22:00:00,0.0,0.0,0.0,0.0,0.0566,0.0,0.0
2024-06-15 23:00:00,0.0,0.0,0.0,0.0,0.0479,0.0,0.0
2024-06-16 00:00:00,0.0,0.0,0.0,0.0,0.0406,0.0,0.0
2024-06-16 01:00:00,0.0,0.0,0.0,0.0,0.0343,0.0,0.0
2024-06-16 02:00:00,0.0,0.0,0.0,0.0,0.0291,0.0,0.0
2024-06-16 03:00:00,0.0,0.0,0.0,0.0,0.0246,0.0,0.0
2024-06-16 04:00:00,0.0,0.0,0.0,0.0,0.0208,0.0,0.0
2024-06-16 05:00:00,0.0,0.0,0.0,0.0,0.0176,0.0,0.0
2024-06-16 06:00:00,0.0,0.0,0.0,0.0,0.0149,0.0,0.0
2024-06-16 07:00:00,0.0,0.0,0.0,0.0,0.0126,0.0,0.0
2024-06-16 08:00:00,0.0,0.0,0.0,0.0,0.0107,0.0,0.0
2024-06-16 09:00:00,0.0,0.0,0.0,0.0,0.009,0.0,0.0
2024-06-16 10:00:00,0.0,0.0,0.0,0.0,0.0077,0.0,0.0
2024-06-16 11:00:00,0.0,0.0,0.0,0.0,0.0065,0.0,0.0
2024-06-16 12:00:00,0.0,0.0,0.0,0.0,0.0055,0.0,0.0
2024-06-16 13:00:00,0.0,0.0,0.0,0.0,0.0046,0.0,0.0
2024-06-16 14:00:00,0.0,0.0,0.0,0.0,0.0039,0.0,0.0
2024-06-16 15:00:00,0.0,0.0,0.0,0.0,0.0033,0.0,0.0
2024-06-16 16:00:00,0.0,0.0,0.0,0.0,0.0028,0.0,0.0
2024-06-16 17:00:00,0.0,0.0,0.0,0.0,0.0024,0.0,0.0
2024-06-16 18:00:00,0.0,0.0,0.0,0.0,0.002,0.0,0.0
2024-06-16 19:00:00,0.0,0.0,0.0,0.0,0.0017,0.0,0.0
2024-06-16 20:00:00,0.0,0.0,0.0,0.0,0.0014,0.0,0.0
2024-06-16 21:00:00,0.0,0.0,0.0,0.0,0.0012,0.0,0.0
2024-06-16 22:00:00,0.0,0.0,0.0,0.0,0.001,0.0,0.0
2024-06-16 23:00:00,0.0,0.0,0.0,0.0,0.0009,0.0,0.0
2024-06-17 00:00:00,0.0,0.0,0.0,0.0,0.0007,0.0,0.0
2024-06-17 01:00:00,0.0,0.0,0.0,0.0,0.0006,0.0,0.0
2024-06-17 02:00:00,0.0,0.0,0.0,0.0,0.0005,0.0,0.0
2024-06-17 03:00:00,0.0,0.0,0.0,0.0,0.0005,0.0,0.0
2024-06-17 04:00:00,0.0,0.0,0.0,0.0,0.0004,0.0,0.0
2024-06-17 05:00:00,0.0,0.0,0.0,0.0,0.0003,0.0,0.0
2024-06-17 06:00:00,0.0,0.0,0.0,0.0,0.0003,0.0,0.0
2024-06-17 07:00:00,0.0,0.0,0.0,0.0,0.0002,0.0,0.0
2024-06-17 08:00:00,0.0,0.0,0.0,0.0,0.0002,0.0,0.0
2024-06-17 09:00:00,1.0,536.4,536.4,15.76,2.9172,1.0,536.4
2024-06-17 10:00:00,1.0,480.6,480.6,9.61,4.6318,2.0,1017.0
2024-06-17 11:00:00,0.0,0.0,0.0,0.0,3.9208,2.0,1017.0
2024-06-17 12:00:00,0.0,0.0,0.0,0.0,3.3188,2.0,1017.0
2024-06-17 13:00:00,0.0,0.0,0.0,0.0,2.8093,2.0,1017.0
2024-06-17 14:00:00,0.0,0.0,0.0,0.0,2.3781,2.0,1017.0
2024-06-17 15:00:00,0.0,0.0,0.0,0.0,2.013,1.0,1017.0
2024-06-17 16:00:00,1.0,282.6,282.6,6.18,3.0285,1.0,1299.6
2024-06-17 17:00:00,2.0,488.20000000000005,244.10000000000002,8.87,4.671,3.0,1787.8000000000002
2024-06-17 18:00:00,0.0,0.0,0.0,0.0,3.9539,3.0,1787.8000000000002
2024-06-17 19:00:00,0.0,0.0,0.0,0.0,3.3469,3.0,1787.8000000000002
2024-06-17 20:00:00,0.0,0.0,0.0,0.0,2.8331,3.0,1787.8000000000002
2024-06-17 21:00:00,0.0,0.0,0.0,0.0,2.3982,3.0,1787.8000000000002
2024-06-17 22:00:00,0.0,0.0,0.0,0.0,2.03,2.0,1787.8000000000002
2024-06-17 23:00:00,0.0,0.0,0.0,0.0,1.7184,0.0,1787.8000000000002
2024-06-18 00:00:00,0.0,0.0,0.0,0.0,1.4546,0.0,1787.8000000000002
2024-06-18 01:00:00,0.0,0.0,0.0,0.0,1.2313,0.0,1787.8000000000002
2024-06-18 02:00:00,0.0,0.0,0.0,0.0,1.0422,0.0,1787.8000000000002
2024-06-18 03:00:00,0.0,0.0,0.0,0.0,0.8822,0.0,1787.8000000000002
2024-06-18 04:00:00,0.0,0.0,0.0,0.0,0.7468,0.0,1787.8000000000002
2024-06-18 05:00:00,0.0,0.0,0.0,0.0,0.6322,0.0,1787.8000000000002
2024-06-18 06:00:00,0.0,0.0,0.0,0.0,0.5351,0.0,1787.8000000000002
2024-06-18 07:00:00,0.0,0.0,0.0,0.0,0.453,0.0,1787.8000000000002
2024-06-18 08:00:00,0.0,0.0,0.0,0.0,0.3834,0.0,1787.8000000000002
2024-06-18 09:00:00,0.0,0.0,0.0,0.0,0.3246,0.0,1251.4
2024-06-18 10:00:00,0.0,0.0,0.0,0.0,0.2747,0.0,770.8000000000001
2024-06-18 11:00:00,1.0,206.5,206.5,6.79,1.4278,1.0,977.3000000000001
2024-06-18 12:00:00,0.0,0.0,0.0,0.0,1.2086,1.0,977.3000000000001
2024-06-18 13:00:00,0.0,0.0,0.0,0.0,1.0231,1.0,977.3000000000001
2024-06-18 14:00:00,0.0,0.0,0.0,0.0,0.866,1.0,977.3000000000001
2024-06-18 15:00:00,0.0,0.0,0.0,0.0,0.7331,1.0,977.3000000000001
2024-06-18 16:00:00,0.0,0.0,0.0,0.0,0.6205,1.0,694.7
2024-06-18 17:00:00,1.0,468.9,468.9,10.7,2.7675,1.0,675.4
2024-06-18 18:00:00,0.0,0.0,0.0,0.0,2.3426,1.0,675.4
2024-06-18 19:00:00,0.0,0.0,0.0,0.0,1.983,1.0,675.4
2024-06-18 20:00:00,0.0,0.0,0.0,0.0,1.6786,1.0,675.4
2024-06-18 21:00:00,0.0,0.0,0.0,0.0,1.4209,1.0,675.4
2024-06-18 22:00:00,0.0,0.0,0.0,0.0,1.2028,1.0,675.4
2024-06-18 23:00:00,0.0,0.0,0.0,0.0,1.0181,0.0,675.4
2024-06-19 00:00:00,0.0,0.0,0.0,0.0,0.8618,0.0,675.4
2024-06-19 01:00:00,0.0,0.0,0.0,0.0,0.7295,0.0,675.4
2024-06-19 02:00:00,0.0,0.0,0.0,0.0,0.6175,0.0,675.4
2024-06-19 03:00:00,0.0,0.0,0.0,0.0,0.5227,0.0,675.4
2024-06-19 04:00:00,0.0,0.0,0.0,0.0,0.4425,0.0,675.4
2024-06-19 05:00:00,0.0,0.0,0.0,0.0,0.3745,0.0,675.4
2024-06-19 06:00:00,0.0,0.0,0.0,0.0,0.317,0.0,675.4
2024-06-19 07:00:00,0.0,0.0,0.0,0.0,0.2684,0.0,675.4
2024-06-19 08:00:00,0.0,0.0,0.0,0.0,0.2272,0.0,675.4
2024-06-19 09:00:00,0.0,0.0,0.0,0.0,0.1923,0.0,675.4
2024-06-19 10:00:00,0.0,0.0,0.0,0.0,0.1628,0.0,675.4
2024-06-19 11:00:00,1.0,440.0,440.0,7.27,1.9648,1.0,908.9
2024-06-19 12:00:00,0.0,0.0,0.0,0.0,1.6632,1.0,908.9
2024-06-19 13:00:00,0.0,0.0,0.0,0.0,1.4078,1.0,908.9
2024-06-19 14:00:00,1.0,478.4,478.4,15.37,3.9247,2.0,1387.3
2024-06-19 15:00:00,1.0,448.0,448.0,13.57,5.7992,3.0,1835.3
2024-06-19 16:00:00,0.0,0.0,0.0,0.0,4.9089,3.0,1835.3
2024-06-19 17:00:00,0.0,0.0,0.0,0.0,4.1553,2.0,1366.4
2024-06-19 18:00:00,0.0,0.0,0.0,0.0,3.5174,2.0,1366.4
2024-06-19 19:00:00,0.0,0.0,0.0,0.0,2.9774,2.0,1366.4
2024-06-19 20:00:00,0.0,0.0,0.0,0.0,2.5203,1.0,1366.4
2024-06-19 21:00:00,0.0,0.0,0.0,0.0,2.1334,0.0,1366.4
2024-06-19 22:00:00,0.0,0.0,0.0,0.0,1.8059,0.0,1366.4
2024-06-19 23:00:00,0.0,0.0,0.0,0.0,1.5286,0.0,1366.4
2024-06-20 00:00:00,0.0,0.0,0.0,0.0,1.294,0.0,1366.4
2024-06-20 01:00:00,0.0,0.0,0.0,0.0,1.0953,0.0,1366.4
2024-06-20 02:00:00,0.0,0.0,0.0,0.0,0.9272,0.0,1366.4
2024-06-20 03:00:00,0.0,0.0,0.0,0.0,0.7848,0.0,1366.4
2024-06-20 04:00:00,0.0,0.0,0.0,0.0,0.6643,0.0,1366.4
2024-06-20 05:00:00,0.0,0.0,0.0,0.0,0.5624,0.0,1366.4
2024-06-20 06:00:00,0.0,0.0,0.0,0.0,0.476,0.0,1366.4
2024-06-20 07:00:00,0.0,0.0,0.0,0.0,0.4029,0.0,1366.4
2024-06-20 08:00:00,0.0,0.0,0.0,0.0,0.3411,0.0,1366.4
2024-06-20 09:00:00,0.0,0.0,0.0,0.0,0.2887,0.0,1366.4
2024-06-20 10:00:00,1.0,347.5,347.5,22.23,3.3362,1.0,1713.9
2024-06-20 11:00:00,0.0,0.0,0.0,0.0,2.824,1.0,1273.9
2024-06-20 12:00:00,0.0,0.0,0.0,0.0,2.3905,1.0,1273.9
2024-06-20 13:00:00,0.0,0.0,0.0,0.0,2.0235,1.0,1273.9
2024-06-20 14:00:00,0.0,0.0,0.0,0.0,1.7128,1.0,795.5
2024-06-20 15:00:00,0.0,0.0,0.0,0.0,1.4499,1.0,347.5
2024-06-20 16:00:00,0.0,0.0,0.0,0.0,1.2273,0.0,347.5
2024-06-20 17:00:00,0.0,0.0,0.0,0.0,1.0389,0.0,347.5
2024-06-20 18:00:00,0.0,0.0,0.0,0.0,0.8794,0.0,347.5
2024-06-20 19:00:00,0.0,0.0,0.0,0.0,0.7444,0.0,347.5
2024-06-20 20:00:00,0.0,0.0,0.0,0.0,0.6301,0.0,347.5
2024-06-20 21:00:00,0.0,0.0,0.0,0.0,0.5334,0.0,347.5
2024-06-20 22:00:00,0.0,0.0,0.0,0.0,0.4515,0.0,347.5
2024-06-20 23:00:00,0.0,0.0,0.0,0.0,0.3822,0.0,347.5
2024-06-21 00:00:00,0.0,0.0,0.0,0.0,0.3235,0.0,347.5
2024-06-21 01:00:00,0.0,0.0,0.0,0.0,0.2738,0.0,347.5
2024-06-21 02:00:00,0.0,0.0,0.0,0.0,0.2318,0.0,347.5
2024-06-21 03:00:00,0.0,0.0,0.0,0.0,0.1962,0.0,347.5
2024-06-21 04:00:00,0.0,0.0,0.0,0.0,0.1661,0.0,347.5
2024-06-21 05:00:00,0.0,0.0,0.0,0.0,0.1406,0.0,347.5
2024-06-21 06:00:00,0.0,0.0,0.0,0.0,0.119,0.0,347.5
2024-06-21 07:00:00,0.0,0.0,0.0,0.0,0.1007,0.0,347.5
2024-06-21 08:00:00,0.0,0.0,0.0,0.0,0.0853,0.0,347.5
2024-06-21 09:00:00,0.0,0.0,0.0,0.0,0.0722,0.0,347.5
2024-06-21 10:00:00,0.0,0.0,0.0,0.0,0.0611,0.0,0.0
2024-06-21 11:00:00,0.0,0.0,0.0,0.0,0.0517,0.0,0.0
2024-06-21 12:00:00,0.0,0.0,0.0,0.0,0.0438,0.0,0.0
2024-06-21 13:00:00,0.0,0.0,0.0,0.0,0.0371,0.0,0.0
2024-06-21 14:00:00,0.0,0.0,0.0,0.0,0.0314,0.0,0.0
2024-06-21 15:00:00,1.0,304.0,304.0,11.0,1.8866,1.0,304.0
2024-06-21 16:00:00,2.0,701.7,350.85,24.39,5.7902,3.0,1005.7
2024-06-21 17:00:00,0.0,0.0,0.0,0.0,4.9013,3.0,1005.7
2024-06-21 18:00:00,0.0,0.0,0.0,0.0,4.1488,3.0,1005.7
2024-06-21 19:00:00,0.0,0.0,0.0,0.0,3.5119,3.0,1005.7
2024-06-21 20:00:00,0.0,0.0,0.0,0.0,2.9728,3.0,1005.7
2024-06-21 21:00:00,0.0,0.0,0.0,0.0,2.5164,2.0,1005.7
2024-06-21 22:00:00,0.0,0.0,0.0,0.0,2.1301,0.0,1005.7
2024-06-21 23:00:00,0.0,0.0,0.0,0.0,1.8031,0.0,1005.7
2024-06-22 00:00:00,0.0,0.0,0.0,0.0,1.5263,0.0,1005.7
2024-06-22 01:00:00,0.0,0.0,0.0,0.0,1.292,0.0,1005.7
2024-06-22 02:00:00,0.0,0.0,0.0,0.0,1.0936,0.0,1005.7
2024-06-22 03:00:00,0.0,0.0,0.0,0.0,0.9257,0.0,1005.7
2024-06-22 04:00:00,0.0,0.0,0.0,0.0,0.7836,0.0,1005.7
2024-06-22 05:00:00,0.0,0.0,0.0,0.0,0.6633,0.0,1005.7
2024-06-22 06:00:00,0.0,0.0,0.0,0.0,0.5615,0.0,1005.7
2024-06-22 07:00:00,0.0,0.0,0.0,0.0,0.4753,0.0,1005.7
2024-06-22 08:00:00,0.0,0.0,0.0,0.0,0.4023,0.0,1005.7
2024-06-22 09:00:00,0.0,0.0,0.0,0.0,0.3406,0.0,1005.7
2024-06-22 10:00:00,0.0,0.0,0.0,0.0,0.2883,0.0,1005.7
2024-06-22 11:00:00,1.0,369.6,369.6,11.35,2.303,1.0,1375.3000000000002
2024-06-22 12:00:00,0.0,0.0,0.0,0.0,1.9495,1.0,1375.3000000000002
2024-06-22 13:00:00,0.0,0.0,0.0,0.0,1.6502,1.0,1375.3000000000002
2024-06-22 14:00:00,0.0,0.0,0.0,0.0,1.3969,1.0,1375.3000000000002
2024-06-22 15:00:00,0.0,0.0,0.0,0.0,1.1824,1.0,1071.3000000000002
2024-06-22 16:00:00,0.0,0.0,0.0,0.0,1.0009,1.0,369.6
2024-06-22 17:00:00,0.0,0.0,0.0,0.0,0.8472,0.0,369.6
2024-06-22 18:00:00,0.0,0.0,0.0,0.0,0.7172,0.0,369.6
2024-06-22 19:00:00,0.0,0.0,0.0,0.0,0.6071,0.0,369.6
2024-06-22 20:00:00,0.0,0.0,0.0,0.0,0.5139,0.0,369.6
2024-06-22 21:00:00,0.0,0.0,0.0,0.0,0.435,0.0,369.6
2024-06-22 22:00:00,0.0,0.0,0.0,0.0,0.3682,0.0,369.6
2024-06-22 23:00:00,0.0,0.0,0.0,0.0,0.3117,0.0,369.6
2024-06-23 00:00:00,0.0,0.0,0.0,0.0,0.2638,0.0,369.6
2024-06-23 01:00:00,0.0,0.0,0.0,0.0,0.2233,0.0,369.6
2024-06-23 02:00:00,0.0,0.0,0.0,0.0,0.189,0.0,369.6
2024-06-23 03:00:00,0.0,0.0,0.0,0.0,0.16,0.0,369.6
2024-06-23 04:00:00,0.0,0.0,0.0,0.0,0.1355,0.0,369.6
2024-06-23 05:00:00,0.0,0.0,0.0,0.0,0.1147,0.0,369.6
2024-06-23 06:00:00,0.0,0.0,0.0,0.0,0.0971,0.0,369.6
2024-06-23 07:00:00,0.0,0.0,0.0,0.0,0.0822,0.0,369.6
2024-06-23 08:00:00,0.0,0.0,0.0,0.0,0.0695,0.0,369.6
2024-06-23 09:00:00,0.0,0.0,0.0,0.0,0.0589,0.0,369.6
2024-06-23 10:00:00,0.0,0.0,0.0,0.0,0.0498,0.0,369.6
2024-06-23 11:00:00,0.0,0.0,0.0,0.0,0.0422,0.0,0.0
2024-06-23 12:00:00,0.0,0.0,0.0,0.0,0.0357,0.0,0.0
2024-06-23 13:00:00,0.0,0.0,0.0,0.0,0.0302,0.0,0.0
2024-06-23 14:00:00,0.0,0.0,0.0,0.0,0.0256,0.0,0.0
2024-06-23 15:00:00,0.0,0.0,0.0,0.0,0.0217,0.0,0.0
2024-06-23 16:00:00,0.0,0.0,0.0,0.0,0.0183,0.0,0.0
2024-06-23 17:00:00,0.0,0.0,0.0,0.0,0.0155,0.0,0.0
2024-06-23 18:00:00,0.0,0.0,0.0,0.0,0.0131,0.0,0.0
2024-06-23 19:00:00,0.0,0.0,0.0,0.0,0.0111,0.0,0.0
2024-06-23 20:00:00,0.0,0.0,0.0,0.0,0.0094,0.0,0.0
2024-06-23 21:00:00,0.0,0.0,0.0,0.0,0.008,0.0,0.0
2024-06-23 22:00:00,0.0,0.0,0.0,0.0,0.0067,0.0,0.0
2024-06-23 23:00:00,0.0,0.0,0.0,0.0,0.0057,0.0,0.0
2024-06-24 00:00:00,0.0,0.0,0.0,0.0,0.0048,0.0,0.0
2024-06-24 01:00:00,0.0,0.0,0.0,0.0,0.0041,0.0,0.0
2024-06-24 02:00:00,0.0,0.0,0.0,0.0,0.0035,0.0,0.0
2024-06-24 03:00:00,0.0,0.0,0.0,0.0,0.0029,0.0,0.0
2024-06-24 04:00:00,0.0,0.0,0.0,0.0,0.0025,0.0,0.0
2024-06-24 05:00:00,0.0,0.0,0.0,0.0,0.0021,0.0,0.0
2024-06-24 06:00:00,0.0,0.0,0.0,0.0,0.0018,0.0,0.0
2024-06-24 07:00:00,0.0,0.0,0.0,0.0,0.0015,0.0,0.0
2024-06-24 08:00:00,0.0,0.0,0.0,0.0,0.0013,0.0,0.0
2024-06-24 09:00:00,1.0,395.8,395.8,7.68,1.7586,1.0,395.8
2024-06-24 10:00:00,0.0,0.0,0.0,0.0,1.4886,1.0,395.8
2024-06-24 11:00:00,1.0,357.0,357.0,14.02,3.5546,2.0,752.8
2024-06-24 12:00:00,0.0,0.0,0.0,0.0,3.0089,2.0,752.8
2024-06-24 13:00:00,0.0,0.0,0.0,0.0,2.547,2.0,752.8
2024-06-24 14:00:00,0.0,0.0,0.0,0.0,2.156,2.0,752.8
2024-06-24 15:00:00,2.0,685.3000000000001,342.65000000000003,13.77,4.9152,3.0,1438.1000000000001
2024-06-24 16:00:00,0.0,0.0,0.0,0.0,4.1607,3.0,1438.1000000000001
2024-06-24 17:00:00,1.0,444.1,444.1,10.9,5.7222,3.0,1882.2000000000003
2024-06-24 18:00:00,0.0,0.0,0.0,0.0,4.8437,3.0,1882.2000000000003
2024-06-24 19:00:00,0.0,0.0,0.0,0.0,4.1001,3.0,1882.2000000000003
2024-06-24 20:00:00,0.0,0.0,0.0,0.0,3.4707,3.0,1882.2000000000003
2024-06-24 21:00:00,0.0,0.0,0.0,0.0,2.9379,1.0,1882.2000000000003
2024-06-24 22:00:00,0.0,0.0,0.0,0.0,2.4868,1.0,1882.2000000000003
2024-06-24 23:00:00,0.0,0.0,0.0,0.0,2.1051,0.0,1882.2000000000003
2024-06-25 00:00:00,0.0,0.0,0.0,0.0,1.7819,0.0,1882.2000000000003
2024-06-25 01:00:00,0.0,0.0,0.0,0.0,1.5083,0.0,1882.2000000000003
2024-06-25 02:00:00,0.0,0.0,0.0,0.0,1.2768,0.0,1882.2000000000003
2024-06-25 03:00:00,0.0,0.0,0.0,0.0,1.0808,0.0,1882.2000000000003
2024-06-25 04:00:00,0.0,0.0,0.0,0.0,0.9149,0.0,1882.2000000000003
2024-06-25 05:00:00,0.0,0.0,0.0,0.0,0.7744,0.0,1882.2000000000003
2024-06-25 06:00:00,0.0,0.0,0.0,0.0,0.6555,0.0,1882.2000000000003
2024-06-25 07:00:00,0.0,0.0,0.0,0.0,0.5549,0.0,1882.2000000000003
2024-06-25 08:00:00,0.0,0.0,0.0,0.0,0.4697,0.0,1882.2000000000003
2024-06-25 09:00:00,0.0,0.0,0.0,0.0,0.3976,0.0,1486.4
2024-06-25 10:00:00,0.0,0.0,0.0,0.0,0.3366,0.0,1486.4
2024-06-25 11:00:00,0.0,0.0,0.0,0.0,0.2849,0.0,1129.4
2024-06-25 12:00:00,0.0,0.0,0.0,0.0,0.2412,0.0,1129.4
2024-06-25 13:00:00,0.0,0.0,0.0,0.0,0.2041,0.0,1129.4
2024-06-25 14:00:00,0.0,0.0,0.0,0.0,0.1728,0.0,1129.4
2024-06-25 15:00:00,0.0,0.0,0.0,0.0,0.1463,0.0,444.1
2024-06-25 16:00:00,1.0,361.1,361.1,8.29,1.8556,1.0,805.2
2024-06-25 17:00:00,1.0,451.1,451.1,10.68,3.7664,2.0,812.2
2024-06-25 18:00:00,0.0,0.0,0.0,0.0,3.1882,2.0,812.2
2024-06-25 19:00:00,0.0,0.0,0.0,0.0,2.6988,2.0,812.2
2024-06-25 20:00:00,0.0,0.0,0.0,0.0,2.2845,2.0,812.2
2024-06-25 21:00:00,0.0,0.0,0.0,0.0,1.9338,2.0,812.2
2024-06-25 22:00:00,0.0,0.0,0.0,0.0,1.6369,1.0,812.2
2024-06-25 23:00:00,0.0,0.0,0.0,0.0,1.3856,0.0,812.2
2024-06-26 00:00:00,0.0,0.0,0.0,0.0,1.1729,0.0,812.2
2024-06-26 01:00:00,0.0,0.0,0.0,0.0,0.9928,0.0,812.2
2024-06-26 02:00:00,0.0,0.0,0.0,0.0,0.8404,0.0,812.2
2024-06-26 03:00:00,0.0,0.0,0.0,0.0,0.7114,0.0,812.2
2024-06-26 04:00:00,0.0,0.0,0.0,0.0,0.6022,0.0,812.2
2024-06-26 05:00:00,0.0,0.0,0.0,0.0,0.5097,0.0,812.2
2024-06-26 06:00:00,0.0,0.0,0.0,0.0,0.4315,0.0,812.2
2024-06-26 07:00:00,0.0,0.0,0.0,0.0,0.3652,0.0,812.2
2024-06-26 08:00:00,0.0,0.0,0.0,0.0,0.3092,0.0,812.2
2024-06-26 09:00:00,0.0,0.0,0.0,0.0,0.2617,0.0,812.2
2024-06-26 10:00:00,0.0,0.0,0.0,0.0,0.2215,0.0,812.2
2024-06-26 11:00:00,1.0,423.0,423.0,10.81,2.326,1.0,1235.2
2024-06-26 12:00:00,0.0,0.0,0.0,0.0,1.9689,1.0,1235.2
2024-06-26 13:00:00,0.0,0.0,0.0,0.0,1.6667,1.0,1235.2
2024-06-26 14:00:00,0.0,0.0,0.0,0.0,1.4108,1.0,1235.2
2024-06-26 15:00:00,2.0,665.2,332.6,8.65,3.7222,3.0,1900.4
2024-06-26 16:00:00,0.0,0.0,0.0,0.0,3.1508,3.0,1539.3000000000002
2024-06-26 17:00:00,0.0,0.0,0.0,0.0,2.6671,2.0,1088.2
2024-06-26 18:00:00,0.0,0.0,0.0,0.0,2.2576,2.0,1088.2
2024-06-26 19:00:00,0.0,0.0,0.0,0.0,1.9111,2.0,1088.2
2024-06-26 20:00:00,0.0,0.0,0.0,0.0,1.6177,2.0,1088.2
2024-06-26 21:00:00,0.0,0.0,0.0,0.0,1.3693,0.0,1088.2
2024-06-26 22:00:00,0.0,0.0,0.0,0.0,1.1591,0.0,1088.2
2024-06-26 23:00:00,0.0,0.0,0.0,0.0,0.9812,0.0,1088.2
2024-06-27 00:00:00,0.0,0.0,0.0,0.0,0.8305,0.0,1088.2
2024-06-27 01:00:00,0.0,0.0,0.0,0.0,0.703,0.0,1088.2
2024-06-27 02:00:00,0.0,0.0,0.0,0.0,0.5951,0.0,1088.2
2024-06-27 03:00:00,0.0,0.0,0.0,0.0,0.5037,0.0,1088.2
2024-06-27 04:00:00,0.0,0.0,0.0,0.0,0.4264,0.0,1088.2
2024-06-27 05:00:00,0.0,0.0,0.0,0.0,0.361,0.0,1088.2
2024-06-27 06:00:00,0.0,0.0,0.0,0.0,0.3055,0.0,1088.2
2024-06-27 07:00:00,0.0,0.0,0.0,0.0,0.2586,0.0,1088.2
2024-06-27 08:00:00,0.0,0.0,0.0,0.0,0.2189,0.0,1088.2
2024-06-27 09:00:00,0.0,0.0,0.0,0.0,0.1853,0.0,1088.2
2024-06-27 10:00:00,0.0,0.0,0.0,0.0,0.1569,0.0,1088.2
2024-06-27 11:00:00,0.0,0.0,0.0,0.0,0.1328,0.0,665.2
2024-06-27 12:00:00,0.0,0.0,0.0,0.0,0.1124,0.0,665.2
2024-06-27 13:00:00,0.0,0.0,0.0,0.0,0.0951,0.0,665.2
2024-06-27 14:00:00,0.0,0.0,0.0,0.0,0.0805,0.0,665.2
2024-06-27 15:00:00,2.0,1006.5999999999999,503.29999999999995,26.19,5.2037,2.0,1006.5999999999999
2024-06-27 16:00:00,0.0,0.0,0.0,0.0,4.4048,2.0,1006.5999999999999
2024-06-27 17:00:00,0.0,0.0,0.0,0.0,3.7286,2.0,1006.5999999999999
2024-06-27 18:00:00,0.0,0.0,0.0,0.0,3.1562,2.0,1006.5999999999999
2024-06-27 19:00:00,0.0,0.0,0.0,0.0,2.6717,2.0,1006.5999999999999
2024-06-27 20:00:00,0.0,0.0,0.0,0.0,2.2615,2.0,1006.5999999999999
2024-06-27 21:00:00,0.0,0.0,0.0,0.0,1.9143,0.0,1006.5999999999999
2024-06-27 22:00:00,0.0,0.0,0.0,0.0,1.6204,0.0,1006.5999999999999
2024-06-27 23:00:00,0.0,0.0,0.0,0.0,1.3717,0.0,1006.5999999999999
2024-06-28 00:00:00,0.0,0.0,0.0,0.0,1.1611,0.0,1006.5999999999999
2024-06-28 01:00:00,0.0,0.0,0.0,0.0,0.9828,0.0,1006.5999999999999
2024-06-28 02:00:00,0.0,0.0,0.0,0.0,0.832,0.0,1006.5999999999999
2024-06-28 03:00:00,0.0,0.0,0.0,0.0,0.7042,0.0,1006.5999999999999
2024-06-28 04:00:00,0.0,0.0,0.0,0.0,0.5961,0.0,1006.5999999999999
2024-06-28 05:00:00,0.0,0.0,0.0,0.0,0.5046,0.0,1006.5999999999999
2024-06-28 06:00:00,0.0,0.0,0.0,0.0,0.4271,0.0,1006.5999999999999
2024-06-28 07:00:00,0.0,0.0,0.0,0.0,0.3616,0.0,1006.5999999999999
2024-06-28 08:00:00,0.0,0.0,0.0,0.0,0.3061,0.0,1006.5999999999999
2024-06-28 09:00:00,0.0,0.0,0.0,0.0,0.2591,0.0,1006.5999999999999
2024-06-28 10:00:00,0.0,0.0,0.0,0.0,0.2193,0.0,1006.5999999999999
2024-06-28 11:00:00,0.0,0.0,0.0,0.0,0.1856,0.0,1006.5999999999999
2024-06-28 12:00:00,0.0,0.0,0.0,0.0,0.1571,0.0,1006.5999999999999
2024-06-28 13:00:00,0.0,0.0,0.0,0.0,0.133,0.0,1006.5999999999999
2024-06-28 14:00:00,1.0,365.6,365.6,9.68,1.9946,1.0,1372.1999999999998
2024-06-28 15:00:00,1.0,353.2,353.2,15.25,4.0964,2.0,718.8
2024-06-28 16:00:00,0.0,0.0,0.0,0.0,3.4675,2.0,718.8
2024-06-28 17:00:00,0.0,0.0,0.0,0.0,2.9352,2.0,718.8
2024-06-28 18:00:00,0.0,0.0,0.0,0.0,2.4846,2.0,718.8
2024-06-28 19:00:00,0.0,0.0,0.0,0.0,2.1032,2.0,718.8
2024-06-28 20:00:00,0.0,0.0,0.0,0.0,1.7803,1.0,718.8
2024-06-28 21:00:00,0.0,0.0,0.0,0.0,1.507,0.0,718.8
2024-06-28 22:00:00,0.0,0.0,0.0,0.0,1.2756,0.0,718.8
2024-06-28 23:00:00,0.0,0.0,0.0,0.0,1.0798,0.0,718.8
2024-06-29 00:00:00,0.0,0.0,0.0,0.0,0.914,0.0,718.8
2024-06-29 01:00:00,0.0,0.0,0.0,0.0,0.7737,0.0,718.8
2024-06-29 02:00:00,0.0,0.0,0.0,0.0,0.6549,0.0,718.8
2024-06-29 03:00:00,0.0,0.0,0.0,0.0,0.5544,0.0,718.8
2024-06-29 04:00:00,0.0,0.0,0.0,0.0,0.4693,0.0,718.8
2024-06-29 05:00:00,0.0,0.0,0.0,0.0,0.3972,0.0,718.8
2024-06-29 06:00:00,0.0,0.0,0.0,0.0,0.3363,0.0,718.8
2024-06-29 07:00:00,0.0,0.0,0.0,0.0,0.2846,0.0,718.8
2024-06-29 08:00:00,0.0,0.0,0.0,0.0,0.2409,0.0,718.8
2024-06-29 09:00:00,0.0,0.0,0.0,0.0,0.2039,0.0,718.8
2024-06-29 10:00:00,0.0,0.0,0.0,0.0,0.1726,0.0,718.8
2024-06-29 11:00:00,1.0,452.3,452.3,18.61,3.1379,1.0,1171.1
2024-06-29 12:00:00,0.0,0.0,0.0,0.0,2.6562,1.0,1171.1
2024-06-29 13:00:00,0.0,0.0,0.0,0.0,2.2484,1.0,1171.1
2024-06-29 14:00:00,0.0,0.0,0.0,0.0,1.9032,1.0,805.5
2024-06-29 15:00:00,0.0,0.0,0.0,0.0,1.611,1.0,452.3
2024-06-29 16:00:00,0.0,0.0,0.0,0.0,1.3637,1.0,452.3
2024-06-29 17:00:00,0.0,0.0,0.0,0.0,1.1544,0.0,452.3
2024-06-29 18:00:00,0.0,0.0,0.0,0.0,0.9771,0.0,452.3
2024-06-29 19:00:00,0.0,0.0,0.0,0.0,0.8271,0.0,452.3
2024-06-29 20:00:00,0.0,0.0,0.0,0.0,0.7002,0.0,452.3
2024-06-29 21:00:00,0.0,0.0,0.0,0.0,0.5927,0.0,452.3
2024-06-29 22:00:00,0.0,0.0,0.0,0.0,0.5017,0.0,452.3
2024-06-29 23:00:00,0.0,0.0,0.0,0.0,0.4247,0.0,452.3
2024-06-30 00:00:00,0.0,0.0,0.0,0.0,0.3595,0.0,452.3
2024-06-30 01:00:00,0.0,0.0,0.0,0.0,0.3043,0.0,452.3
2024-06-30 02:00:00,0.0,0.0,0.0,0.0,0.2576,0.0,452.3
2024-06-30 03:00:00,0.0,0.0,0.0,0.0,0.218,0.0,452.3
2024-06-30 04:00:00,0.0,0.0,0.0,0.0,0.1846,0.0,452.3
2024-06-30 05:00:00,0.0,0.0,0.0,0.0,0.1562,0.0,452.3
2024-06-30 06:00:00,0.0,0.0,0.0,0.0,0.1322,0.0,452.3
2024-06-30 07:00:00,0.0,0.0,0.0,0.0,0.1119,0.0,452.3
2024-06-30 08:00:00,0.0,0.0,0.0,0.0,0.0948,0.0,452.3
2024-06-30 09:00:00,0.0,0.0,0.0,0.0,0.0802,0.0,452.3
2024-06-30 10:00:00,0.0,0.0,0.0,0.0,0.0679,0.0,452.3
2024-06-30 11:00:00,0.0,0.0,0.0,0.0,0.0575,0.0,0.0
2024-06-30 12:00:00,0.0,0.0,0.0,0.0,0.0486,0.0,0.0
2024-06-30 13:00:00,0.0,0.0,0.0,0.0,0.0412,0.0,0.0
2024-06-30 14:00:00,0.0,0.0,0.0,0.0,0.0349,0.0,0.0
2024-06-30 15:00:00,0.0,0.0,0.0,0.0,0.0295,0.0,0.0
2024-06-30 16:00:00,0.0,0.0,0.0,0.0,0.025,0.0,0.0
2024-06-30 17:00:00,0.0,0.0,0.0,0.0,0.0211,0.0,0.0
2024-06-30 18:00:00,0.0,0.0,0.0,0.0,0.0179,0.0,0.0
2024-06-30 19:00:00,0.0,0.0,0.0,0.0,0.0151,0.0,0.0
2024-06-30 20:00:00,0.0,0.0,0.0,0.0,0.0128,0.0,0.0
2024-06-30 21:00:00,0.0,0.0,0.0,0.0,0.0109,0.0,0.0
2024-06-30 22:00:00,0.0,0.0,0.0,0.0,0.0092,0.0,0.0
2024-06-30 23:00:00,0.0,0.0,0.0,0.0,0.0078,0.0,0.0
