patch_id,zone_id_v2,zone_key_v2,zone_label_v2,patch_size,patch_x_idx,patch_y_idx,x_min,x_max,y_min,y_max,cell_x_min,cell_x_max,cell_y_min,cell_y_max,centroid_x,centroid_y,num_points,is_sparse_patch,merge_from,raw_patch_id,raw_num_points,merged_patch_count,grid_origin_x,grid_origin_y,zone_name_v2,cell_width,cell_height,is_background_patch,is_train_patch,background_policy,mean_disp,mean_active_ratio,disp_rain_spearman,disp_blast_spearman
ps10_v2_p011,2,toe,坡脚区,10,2,0,22,33,0,9,24,33,0,9,27.689655172413797,6.482758620689655,29,0,ps10_v2_z02_raw_001_000,ps10_v2_z02_raw_002_000,26,2,4,0,坡脚区,10,10,0,1,background_excluded,0.06940397361942414,0.26646648445224724,0.09555432979155491,-0.11950581349526292
ps10_v2_p021,2,toe,坡脚区,10,3,0,34,43,7,9,34,43,0,9,38.61904761904762,8.333333333333334,21,0,,ps10_v2_z02_raw_003_000,21,1,4,0,坡脚区,10,10,0,1,background_excluded,0.0475995774041573,0.18211611094101124,0.10056465402113388,-0.08587423875078132
ps10_v2_p031,2,toe,坡脚区,10,4,0,44,53,7,9,44,53,0,9,47.91666666666666,8.583333333333334,12,0,,ps10_v2_z02_raw_004_000,12,1,4,0,坡脚区,10,10,0,1,background_excluded,0.04463137843300562,0.12769194858146066,-0.0068580662145577296,-0.02029563521151369
ps10_v2_p040,2,toe,坡脚区,10,5,0,54,63,7,9,54,63,0,9,57.5,8.4375,16,0,,ps10_v2_z02_raw_005_000,16,1,4,0,坡脚区,10,10,0,1,background_excluded,0.04238072151095506,0.12526334269662923,0.017546227122195217,-0.07048882764205837
ps10_v2_p004,2,toe,坡脚区,10,1,1,11,23,13,19,14,23,10,19,20.22222222222222,17.77777777777778,18,0,ps10_v2_z02_raw_000_001,ps10_v2_z02_raw_001_001,17,2,4,0,坡脚区,10,10,0,1,background_excluded,0.048855982308707864,0.1961610535730337,0.11229973739768684,-0.13962764325063584
ps10_v2_p012,2,toe,坡脚区,10,2,1,24,33,10,19,24,33,10,19,29.40983606557377,15.655737704918034,61,0,,ps10_v2_z02_raw_002_001,61,1,4,0,坡脚区,10,10,0,1,background_excluded,0.08930018336073034,0.34474580524438203,0.07279894057032783,-0.061671928599425455
ps10_v2_p022,2,toe,坡脚区,10,3,1,34,43,10,19,34,43,10,19,38.54545454545455,14.505050505050503,99,0,,ps10_v2_z02_raw_003_001,99,1,4,0,坡脚区,10,10,0,1,background_excluded,0.15404303135407305,0.5785665659325843,0.01836735961867847,-0.05018608075896683
ps10_v2_p032,2,toe,坡脚区,10,4,1,44,53,10,19,44,53,10,19,48.48484848484848,14.545454545454543,99,0,,ps10_v2_z02_raw_004_001,99,1,4,0,坡脚区,10,10,0,1,background_excluded,0.16260064527679774,0.6004568183286517,0.0038062943404866437,-0.023244253317810572
ps10_v2_p041,2,toe,坡脚区,10,5,1,54,63,10,19,54,63,10,19,58.53125,14.677083333333334,96,0,,ps10_v2_z02_raw_005_001,96,1,4,0,坡脚区,10,10,0,1,background_excluded,0.1567525730380618,0.5786077941081461,-0.03024086464738692,-0.018299354992632893
ps10_v2_p048,2,toe,坡脚区,10,6,1,64,73,7,19,64,73,10,19,68.09677419354838,14.655913978494624,93,0,ps10_v2_z02_raw_006_000,ps10_v2_z02_raw_006_001,88,2,4,0,坡脚区,10,10,0,1,background_excluded,0.13056027665132022,0.456626795627809,-0.06804189460716574,0.02192734508969757
ps10_v2_p054,2,toe,坡脚区,10,7,1,74,83,11,19,74,83,10,19,78.14925373134328,15.8955223880597,67,0,,ps10_v2_z02_raw_007_001,67,1,4,0,坡脚区,10,10,0,1,background_excluded,0.09722775100224719,0.353492370875,-0.012659539789585499,-0.028701396486394838
ps10_v2_p060,2,toe,坡脚区,10,8,1,84,100,12,19,84,93,10,19,88.27450980392157,16.50980392156863,51,0,ps10_v2_z02_raw_009_001,ps10_v2_z02_raw_008_001,48,2,4,0,坡脚区,10,10,0,1,background_excluded,0.06580695368841293,0.21711831496769662,-0.02946548322297574,-0.056790463738478215
ps10_v2_p005,2,toe,坡脚区,10,1,2,14,23,20,29,14,23,20,29,19.03409090909091,24.363636363636363,88,0,,ps10_v2_z02_raw_001_002,88,1,4,0,坡脚区,10,10,0,1,background_excluded,0.0969744027590028,0.3576034226924158,0.09885439843247432,-0.08640749999105224
ps10_v2_p013,2,toe,坡脚区,10,2,2,24,33,20,29,24,33,20,29,28.5,24.5,100,0,,ps10_v2_z02_raw_002_002,100,1,4,0,坡脚区,10,10,0,1,background_excluded,0.1585393748935393,0.5830196629213483,0.04324932174602529,-0.07454106445060432
ps10_v2_p023,2,toe,坡脚区,10,3,2,34,43,20,29,34,43,20,29,38.5,24.5,100,0,,ps10_v2_z02_raw_003_002,100,1,4,0,坡脚区,10,10,0,1,background_excluded,0.1786062579070927,0.6464185393258427,-0.013916625468470889,-0.02750739654495855
ps10_v2_p033,2,toe,坡脚区,10,4,2,44,53,20,29,44,53,20,29,48.5,24.5,100,0,,ps10_v2_z02_raw_004_002,100,1,4,0,坡脚区,10,10,0,1,background_excluded,0.18815135248019663,0.6667275280898877,-0.02785018961602193,0.004863663307679436
ps10_v2_p042,2,toe,坡脚区,10,5,2,54,63,20,29,54,63,20,29,58.5,24.5,100,0,,ps10_v2_z02_raw_005_002,100,1,4,0,坡脚区,10,10,0,1,background_excluded,0.19991344056783708,0.6662219101123595,-0.03162187570568448,0.017221370673517148
ps10_v2_p049,2,toe,坡脚区,10,6,2,64,73,20,29,64,73,20,29,68.5,24.5,100,0,,ps10_v2_z02_raw_006_002,100,1,4,0,坡脚区,10,10,0,1,background_excluded,0.1874907475825,0.6378511235955056,-0.015136168246727384,0.02717050517154229
ps10_v2_p055,2,toe,坡脚区,10,7,2,74,83,20,29,74,83,20,29,78.5,24.5,100,0,,ps10_v2_z02_raw_007_002,100,1,4,0,坡脚区,10,10,0,1,background_excluded,0.144575534779691,0.5291713483146068,0.006599956721315088,0.017437151607978416
ps10_v2_p061,2,toe,坡脚区,10,8,2,84,93,20,29,84,93,20,29,88.32631578947368,24.66315789473684,95,0,,ps10_v2_z02_raw_008_002,95,1,4,0,坡脚区,10,10,0,1,background_excluded,0.11777619656334269,0.4153607324662922,-0.03066340678899063,0.014929662613265381
ps10_v2_p065,2,toe,坡脚区,10,9,2,94,103,20,29,94,103,20,29,98.31147540983606,25.295081967213115,61,0,,ps10_v2_z02_raw_009_002,61,1,4,0,坡脚区,10,10,0,1,background_excluded,0.05792025854648877,0.14443267497893258,0.011238144295720355,-0.03671899532664731
ps10_v2_p068,2,toe,坡脚区,10,10,2,104,117,0,29,104,113,20,29,108.0952380952381,24.61904761904762,42,0,ps10_v2_z02_raw_010_000|ps10_v2_z02_raw_011_000,ps10_v2_z02_raw_010_002,40,3,4,0,坡脚区,10,10,0,1,background_excluded,0.0485603487022472,0.1370719679016854,0.10596551727242229,-0.06226244586088916
ps10_v2_p077,2,toe,坡脚区,10,13,2,124,143,10,29,134,143,20,29,135.0,21.128205128205128,39,0,ps10_v2_z02_raw_012_001|ps10_v2_z02_raw_012_002|ps10_v2_z02_raw_013_001,ps10_v2_z02_raw_013_002,22,4,4,0,坡脚区,10,10,0,1,background_excluded,0.04509174404087079,0.09557764628089886,0.16776609003648818,-0.03568500289810461
ps10_v2_p081,2,toe,坡脚区,10,14,2,144,151,17,39,144,153,20,29,146.6086956521739,26.565217391304348,23,0,ps10_v2_z02_raw_014_001|ps10_v2_z02_raw_014_003,ps10_v2_z02_raw_014_002,15,3,4,0,坡脚区,10,10,0,1,background_excluded,0.05127028737738764,0.1264044924719101,0.14517774907529513,0.014955582892872903
ps10_v2_p001,2,toe,坡脚区,10,0,3,4,13,30,39,4,13,30,39,10.314814814814817,35.148148148148145,54,0,,ps10_v2_z02_raw_000_003,54,1,4,0,坡脚区,10,10,0,1,background_excluded,0.06385998967033707,0.22838639273174155,0.09550366355803856,-0.1300625174636165
ps10_v2_p006,2,toe,坡脚区,10,1,3,14,23,30,39,14,23,30,39,18.5979381443299,34.628865979381445,97,0,,ps10_v2_z02_raw_001_003,97,1,4,0,坡脚区,10,10,0,1,background_excluded,0.13046992002345506,0.4950335828412921,0.014121795970034975,-0.04834584176635532
ps10_v2_p014,2,toe,坡脚区,10,2,3,24,33,30,39,24,33,30,39,28.5,34.5,100,0,,ps10_v2_z02_raw_002_003,100,1,4,0,坡脚区,10,10,0,1,background_excluded,0.16446864427865168,0.6129494382022473,0.013020188706834855,-0.07293671435048156
ps10_v2_p024,2,toe,坡脚区,10,3,3,34,43,30,39,34,43,30,39,38.5,34.5,100,0,,ps10_v2_z02_raw_003_003,100,1,4,0,坡脚区,10,10,0,1,background_excluded,0.18590814753054774,0.6391151685393258,-0.027471799769878603,-0.0014231017835672531
ps10_v2_p034,2,toe,坡脚区,10,4,3,44,53,30,39,44,53,30,39,48.5,34.5,100,0,,ps10_v2_z02_raw_004_003,100,1,4,0,坡脚区,10,10,0,1,background_excluded,0.1909778440855337,0.6389887640449439,-0.03285579257340824,0.013536994527000634
ps10_v2_p043,2,toe,坡脚区,10,5,3,54,63,30,39,54,63,30,39,58.5,34.5,100,0,,ps10_v2_z02_raw_005_003,100,1,4,0,坡脚区,10,10,0,1,background_excluded,0.1862516559058427,0.625491573033708,-0.01590484455439148,-0.0021507088640871394
ps10_v2_p050,2,toe,坡脚区,10,6,3,64,73,30,39,64,73,30,39,68.5,34.5,100,0,,ps10_v2_z02_raw_006_003,100,1,4,0,坡脚区,10,10,0,1,background_excluded,0.1792284681470927,0.5971488764044943,-0.005412642409138807,-0.0288585482782404
ps10_v2_p056,2,toe,坡脚区,10,7,3,74,83,30,39,74,83,30,39,78.5,34.5,100,0,,ps10_v2_z02_raw_007_003,100,1,4,0,坡脚区,10,10,0,1,background_excluded,0.19472198788067413,0.6394662921348314,-0.014876437460201682,0.00581986600408661
ps10_v2_p062,2,toe,坡脚区,10,8,3,84,93,30,39,84,93,30,39,88.5,34.5,100,0,,ps10_v2_z02_raw_008_003,100,1,4,0,坡脚区,10,10,0,1,background_excluded,0.16951294544407303,0.596376404494382,-0.023135726759849925,-0.00022174893217326476
ps10_v2_p066,2,toe,坡脚区,10,9,3,94,103,30,39,94,103,30,39,98.47368421052632,34.578947368421055,95,0,,ps10_v2_z02_raw_009_003,95,1,4,0,坡脚区,10,10,0,1,background_excluded,0.1335858067502809,0.4610733300337078,-0.027212719846111125,0.0292147521171069
ps10_v2_p069,2,toe,坡脚区,10,10,3,104,113,30,39,104,113,30,39,107.69354838709675,34.145161290322584,62,0,,ps10_v2_z02_raw_010_003,62,1,4,0,坡脚区,10,10,0,1,background_excluded,0.07837244892401686,0.24277364638764046,-0.04104406287149042,0.03580558388351037
ps10_v2_p071,2,toe,坡脚区,10,11,3,114,130,25,39,114,123,30,39,120.24,33.9,50,0,ps10_v2_z02_raw_011_002|ps10_v2_z02_raw_012_003,ps10_v2_z02_raw_011_003,36,3,4,0,坡脚区,10,10,0,1,background_excluded,0.056924535111853934,0.1399438202247191,0.029026106010409013,-0.005157238185816341
ps10_v2_p002,2,toe,坡脚区,10,0,4,9,13,40,49,4,13,40,49,11.375,44.825,40,0,,ps10_v2_z02_raw_000_004,40,1,4,0,坡脚区,10,10,0,1,background_excluded,0.058373779862893264,0.20035112359550564,0.08717433529108576,-0.11140924212507873
ps10_v2_p007,2,toe,坡脚区,10,1,4,14,23,40,49,14,23,40,49,18.53061224489796,44.46938775510204,98,0,,ps10_v2_z02_raw_001_004,98,1,4,0,坡脚区,10,10,0,1,background_excluded,0.118360934965309,0.4384745485941011,0.02779815100545518,-0.10786223084527946
ps10_v2_p015,2,toe,坡脚区,10,2,4,24,33,40,49,24,33,40,49,28.5,44.5,100,0,,ps10_v2_z02_raw_002_004,100,1,4,0,坡脚区,10,10,0,1,background_excluded,0.17875050989227528,0.6179634831460674,0.0012012143893318451,-0.05519650081748957
ps10_v2_p025,2,toe,坡脚区,10,3,4,34,43,40,49,34,43,40,49,38.5,44.5,100,0,,ps10_v2_z02_raw_003_004,100,1,4,0,坡脚区,10,10,0,1,background_excluded,0.17256935888932584,0.6044803370786517,-0.02972057866285534,-0.05593483671642239
ps10_v2_p035,2,toe,坡脚区,10,4,4,44,53,40,49,44,53,40,49,48.494949494949495,44.474747474747474,99,0,,ps10_v2_z02_raw_004_004,99,1,4,0,坡脚区,10,10,0,1,background_excluded,0.16061876048301968,0.5325445472542134,-0.057600471395061144,-0.0445059894113637
ps10_v2_p044,2,toe,坡脚区,10,5,4,54,63,40,49,54,63,40,49,58.5,44.5,100,0,,ps10_v2_z02_raw_005_004,100,1,4,0,坡脚区,10,10,0,1,background_excluded,0.18314607896390447,0.6054634831460675,-0.025576740719793052,-0.028793169954561944
ps10_v2_p051,2,toe,坡脚区,10,6,4,64,73,40,49,64,73,40,49,68.6195652173913,44.53260869565217,92,0,,ps10_v2_z02_raw_006_004,92,1,4,0,坡脚区,10,10,0,1,background_excluded,0.15296784029698035,0.4965956249578652,-0.015850275583775636,-0.004763290324878096
ps10_v2_p057,2,toe,坡脚区,10,7,4,74,83,40,49,74,83,40,49,78.5,44.5,100,0,,ps10_v2_z02_raw_007_004,100,1,4,0,坡脚区,10,10,0,1,background_excluded,0.17402863334092697,0.5540870786516854,0.007358893896677439,0.007936413220408202
ps10_v2_p063,2,toe,坡脚区,10,8,4,84,93,40,49,84,93,40,49,88.23655913978494,44.204301075268816,93,0,,ps10_v2_z02_raw_008_004,93,1,4,0,坡脚区,10,10,0,1,background_excluded,0.19322986287036514,0.6217832513314607,-0.02846860249100344,0.0265187339871993
ps10_v2_p067,2,toe,坡脚区,10,9,4,94,103,40,45,94,103,40,49,97.0,41.26923076923077,26,0,,ps10_v2_z02_raw_009_004,26,1,4,0,坡脚区,10,10,0,1,background_excluded,0.17750512570921348,0.5533167668707866,0.004895469247033535,0.017159924587025855
ps10_v2_p070,2,toe,坡脚区,10,10,4,104,113,40,55,104,113,40,49,109.61666666666666,43.583333333333336,60,0,ps10_v2_z02_raw_010_005,ps10_v2_z02_raw_010_004,58,2,4,0,坡脚区,10,10,0,1,background_excluded,0.11184312122598314,0.3653323988019663,0.04223298514405227,-0.01653313722683076
ps10_v2_p072,2,toe,坡脚区,10,11,4,114,123,40,49,114,123,40,49,118.1625,45.1,80,0,,ps10_v2_z02_raw_011_004,80,1,4,0,坡脚区,10,10,0,1,background_excluded,0.11497231430789329,0.3629740168539326,0.026991496299459804,-0.012046765953600321
ps10_v2_p074,2,toe,坡脚区,10,12,4,124,133,40,49,124,133,40,49,127.83018867924528,45.22641509433962,53,0,,ps10_v2_z02_raw_012_004,53,1,4,0,坡脚区,10,10,0,1,background_excluded,0.060519041467415734,0.16127835594803372,0.0026599558912773105,-0.020446130920239718
ps10_v2_p078,2,toe,坡脚区,10,13,4,135,143,30,49,134,143,40,49,139.07142857142858,43.0,14,0,ps10_v2_z02_raw_013_003,ps10_v2_z02_raw_013_004,12,2,4,0,坡脚区,10,10,0,1,background_excluded,0.040504734582865166,0.07764847806882022,0.03864758781536882,-0.019488170477251144
ps10_v2_p082,2,toe,坡脚区,10,14,4,144,153,40,49,144,153,40,49,147.0,44.60714285714285,28,0,,ps10_v2_z02_raw_014_004,28,1,4,0,坡脚区,10,10,0,1,background_excluded,0.04497448218946629,0.10629013014887642,0.05636880757846284,0.02353025055869778
ps10_v2_p085,2,toe,坡脚区,10,15,4,154,163,32,49,154,163,40,49,158.04,41.32,25,0,ps10_v2_z02_raw_015_003,ps10_v2_z02_raw_015_004,15,2,4,0,坡脚区,10,10,0,1,background_excluded,0.05669477959129214,0.10988764044943822,0.1480927998709822,0.06708801177565109
ps10_v2_p088,2,toe,坡脚区,10,16,4,164,177,41,49,164,173,40,49,167.58823529411765,46.64705882352941,17,0,ps10_v2_z02_raw_017_004,ps10_v2_z02_raw_016_004,16,2,4,0,坡脚区,10,10,0,1,background_excluded,0.052641076058005616,0.1282220788764045,0.1364404357597254,0.06552860074304653
ps10_v2_p003,2,toe,坡脚区,10,0,5,6,13,50,57,4,13,50,59,10.263157894736842,53.0,38,0,,ps10_v2_z02_raw_000_005,38,1,4,0,坡脚区,10,10,0,1,background_excluded,0.04778836968806179,0.17301153176264045,0.14796223172193143,-0.09593581144910585
ps10_v2_p008,2,toe,坡脚区,10,1,5,14,23,50,59,14,23,50,59,18.568181818181817,54.125,88,0,,ps10_v2_z02_raw_001_005,88,1,4,0,坡脚区,10,10,0,1,background_excluded,0.07820095077078651,0.308430158866573,0.08720188509409409,-0.09776509369650772
ps10_v2_p016,2,toe,坡脚区,10,2,5,24,33,50,59,24,33,50,59,28.412371134020617,54.5360824742268,97,0,,ps10_v2_z02_raw_002_005,97,1,4,0,坡脚区,10,10,0,1,background_excluded,0.1105938985389045,0.4109231924058988,0.00612280545169277,-0.07452056594361117
ps10_v2_p026,2,toe,坡脚区,10,3,5,34,43,50,59,34,43,50,59,38.625,54.5625,96,0,,ps10_v2_z02_raw_003_005,96,1,4,0,坡脚区,10,10,0,1,background_excluded,0.15977024792945224,0.5278996960533707,-0.01966521770321942,-0.05477966412907385
ps10_v2_p036,2,toe,坡脚区,10,4,5,44,53,50,59,44,53,50,59,48.5,54.5,100,0,,ps10_v2_z02_raw_004_005,100,1,4,0,坡脚区,10,10,0,1,background_excluded,0.1963626344250702,0.6201404494382022,-0.026014241498880937,-0.035513517745169525
ps10_v2_p045,2,toe,坡脚区,10,5,5,54,63,50,59,54,63,50,59,58.61290322580645,54.634408602150536,93,0,,ps10_v2_z02_raw_005_005,93,1,4,0,坡脚区,10,10,0,1,background_excluded,0.15928736705866572,0.49395916294522474,-0.0700069056845197,-0.046361220544754646
ps10_v2_p052,2,toe,坡脚区,10,6,5,64,73,50,59,64,73,50,59,68.59574468085107,54.255319148936174,94,0,,ps10_v2_z02_raw_006_005,94,1,4,0,坡脚区,10,10,0,1,background_excluded,0.18369169016188205,0.5745129094761237,-0.03282780399926869,-0.023195338392560598
ps10_v2_p058,2,toe,坡脚区,10,7,5,74,83,50,59,74,83,50,59,78.45454545454545,54.474747474747474,99,0,,ps10_v2_z02_raw_007_005,99,1,4,0,坡脚区,10,10,0,1,background_excluded,0.17745155353132022,0.5532289191558989,-0.012499027567940664,-0.0037018169509999313
ps10_v2_p064,2,toe,坡脚区,10,8,5,84,103,50,70,84,93,50,59,89.5,55.69230769230769,26,0,ps10_v2_z02_raw_009_006|ps10_v2_z02_raw_009_007,ps10_v2_z02_raw_008_005,20,3,4,0,坡脚区,10,10,0,1,background_excluded,0.1328802189210674,0.41221910696629216,-0.019125554430017237,0.05021777525013014
ps10_v2_p073,2,toe,坡脚区,10,11,5,104,123,50,70,114,123,50,59,117.34782608695652,55.45652173913044,46,0,ps10_v2_z02_raw_010_006|ps10_v2_z02_raw_010_007,ps10_v2_z02_raw_011_005,37,3,4,0,坡脚区,10,10,0,1,background_excluded,0.14719200543679772,0.4665669254353933,0.018698930914376,0.014243194874501174
ps10_v2_p075,2,toe,坡脚区,10,12,5,124,133,50,59,124,133,50,59,128.0595238095238,55.01190476190476,84,0,,ps10_v2_z02_raw_012_005,84,1,4,0,坡脚区,10,10,0,1,background_excluded,0.13970436912668538,0.447548822758427,0.008913464141443702,0.043342370496982266
ps10_v2_p079,2,toe,坡脚区,10,13,5,134,143,50,59,134,143,50,59,137.58333333333334,55.94444444444444,36,0,,ps10_v2_z02_raw_013_005,36,1,4,0,坡脚区,10,10,0,1,background_excluded,0.08764344816217697,0.23412141197752806,0.019979604095895893,0.06064342142952966
ps10_v2_p083,2,toe,坡脚区,10,14,5,144,153,50,59,144,153,50,59,148.76470588235293,54.80392156862745,51,0,,ps10_v2_z02_raw_014_005,51,1,4,0,坡脚区,10,10,0,1,background_excluded,0.05826450961657303,0.1417162416488764,0.014137158865563918,0.05687878430373565
ps10_v2_p086,2,toe,坡脚区,10,15,5,154,163,50,59,154,163,50,59,157.34285714285716,53.91428571428571,35,0,,ps10_v2_z02_raw_015_005,35,1,4,0,坡脚区,10,10,0,1,background_excluded,0.05326723056741573,0.11444623098735955,0.050318259920839395,0.08948567699825195
ps10_v2_p089,2,toe,坡脚区,10,16,5,164,173,50,59,164,173,50,59,169.0487804878049,53.609756097560975,41,0,,ps10_v2_z02_raw_016_005,41,1,4,0,坡脚区,10,10,0,1,background_excluded,0.054445550062598325,0.12205398773033707,0.11226970085808867,0.13971925882940014
ps10_v2_p091,2,toe,坡脚区,10,17,5,174,182,55,59,174,183,50,59,177.33333333333334,57.266666666666666,15,0,,ps10_v2_z02_raw_017_005,15,1,4,0,坡脚区,10,10,0,1,background_excluded,0.06487162698061798,0.13099251238764045,0.0676250233745323,0.117673901867471
ps10_v2_p009,2,toe,坡脚区,10,1,6,12,23,60,68,14,23,60,69,19.58333333333333,61.708333333333336,24,0,ps10_v2_z02_raw_000_006,ps10_v2_z02_raw_001_006,23,2,4,0,坡脚区,10,10,0,1,background_excluded,0.07430136328061798,0.26656133042977526,0.07291474864684255,-0.12329427227401007
ps10_v2_p017,2,toe,坡脚区,10,2,6,24,33,60,69,24,33,60,69,29.01219512195122,63.86585365853659,82,0,,ps10_v2_z02_raw_002_006,82,1,4,0,坡脚区,10,10,0,1,background_excluded,0.09559559442443818,0.3623081658553371,0.05959930904207419,-0.09224178707203899
ps10_v2_p027,2,toe,坡脚区,10,3,6,34,43,60,69,34,43,60,69,38.5,64.5,100,0,,ps10_v2_z02_raw_003_006,100,1,4,0,坡脚区,10,10,0,1,background_excluded,0.14640464518289323,0.5221910112359551,-0.0029270905192531546,-0.045599096540289694
ps10_v2_p037,2,toe,坡脚区,10,4,6,44,53,60,69,44,53,60,69,48.5,64.5,100,0,,ps10_v2_z02_raw_004_006,100,1,4,0,坡脚区,10,10,0,1,background_excluded,0.1850263211867135,0.6072050561797754,-0.006261745770002204,-0.05191932778994913
ps10_v2_p046,2,toe,坡脚区,10,5,6,54,63,60,69,54,63,60,69,58.5,64.5,100,0,,ps10_v2_z02_raw_005_006,100,1,4,0,坡脚区,10,10,0,1,background_excluded,0.18908091488667136,0.6018960674157304,-0.009069682104907122,-0.04356560228855361
ps10_v2_p053,2,toe,坡脚区,10,6,6,64,73,60,70,64,73,60,69,68.5,65.0,110,0,ps10_v2_z02_raw_006_007,ps10_v2_z02_raw_006_006,100,2,4,0,坡脚区,10,10,0,1,background_excluded,0.17468000724873597,0.5534729349255618,-0.001734993790646325,-0.023597295444914394
ps10_v2_p059,2,toe,坡脚区,10,7,6,74,86,60,70,74,83,60,69,77.80952380952381,66.63492063492063,63,0,ps10_v2_z02_raw_007_007|ps10_v2_z02_raw_008_006|ps10_v2_z02_raw_008_007,ps10_v2_z02_raw_007_006,49,4,4,0,坡脚区,10,10,0,1,background_excluded,0.15272357603033707,0.46651507965449435,0.005733867992615252,-0.04365817948125118
ps10_v2_p076,2,toe,坡脚区,10,12,6,117,133,60,70,124,133,60,69,128.03846153846155,66.07692307692308,104,0,ps10_v2_z02_raw_011_006|ps10_v2_z02_raw_011_007|ps10_v2_z02_raw_012_007,ps10_v2_z02_raw_012_006,78,4,4,0,坡脚区,10,10,0,1,background_excluded,0.1791998808656601,0.5510074554255617,0.0069910287523681745,0.08282865712283684
ps10_v2_p080,2,toe,坡脚区,10,13,6,134,143,60,70,134,143,60,69,138.39622641509433,65.14150943396227,106,0,ps10_v2_z02_raw_013_007,ps10_v2_z02_raw_013_006,96,2,4,0,坡脚区,10,10,0,1,background_excluded,0.1777301294588483,0.546825314380618,0.013540322932383199,0.09650821489042805
ps10_v2_p084,2,toe,坡脚区,10,14,6,144,153,60,70,144,153,60,69,147.66666666666666,66.7843137254902,51,0,ps10_v2_z02_raw_014_007,ps10_v2_z02_raw_014_006,42,2,4,0,坡脚区,10,10,0,1,background_excluded,0.11839320111446629,0.3443765262654494,0.007065373423923222,0.11692708724337463
ps10_v2_p087,2,toe,坡脚区,10,15,6,154,163,60,69,154,163,60,69,158.8846153846154,64.57692307692308,52,0,,ps10_v2_z02_raw_015_006,52,1,4,0,坡脚区,10,10,0,1,background_excluded,0.0683953151639045,0.16170592220786517,-0.006232398525746946,0.07062987406700544
ps10_v2_p090,2,toe,坡脚区,10,16,6,164,173,60,70,164,173,60,69,167.875,65.07142857142857,56,0,ps10_v2_z02_raw_016_007,ps10_v2_z02_raw_016_006,53,2,4,0,坡脚区,10,10,0,1,background_excluded,0.061060337180617985,0.14616773741713485,0.04731495377942289,0.07724670118295615
ps10_v2_p092,2,toe,坡脚区,10,17,6,174,183,60,70,174,183,60,69,179.0,65.6,25,0,ps10_v2_z02_raw_017_007,ps10_v2_z02_raw_017_006,22,2,4,0,坡脚区,10,10,0,1,background_excluded,0.05320030871797752,0.10831460674157305,0.07732619623269266,0.05644315800717172
ps10_v2_p093,2,toe,坡脚区,10,18,6,184,207,46,70,184,193,60,69,190.5217391304348,61.41304347826087,46,0,ps10_v2_z02_raw_018_005|ps10_v2_z02_raw_019_006|ps10_v2_z02_raw_019_007|ps10_v2_z02_raw_020_004,ps10_v2_z02_raw_018_006,27,5,4,0,坡脚区,10,10,0,1,background_excluded,0.04753700553314607,0.11000854797752811,0.10205914639456337,0.059678790607920015
ps10_v2_p018,2,toe,坡脚区,10,2,7,17,33,70,79,24,33,70,79,28.485714285714284,76.6,35,0,ps10_v2_z02_raw_001_007,ps10_v2_z02_raw_002_007,32,2,4,0,坡脚区,10,10,0,1,background_excluded,0.09013429630269662,0.31296148542977525,0.016975178314998056,-0.04470056987076057
ps10_v2_p028,2,toe,坡脚区,10,3,7,34,43,70,79,34,43,70,79,38.68131868131868,74.43956043956044,91,0,,ps10_v2_z02_raw_003_007,91,1,4,0,坡脚区,10,10,0,1,background_excluded,0.13267844865575842,0.45559638176825845,-0.04642702566141313,-0.03400372275853284
ps10_v2_p038,2,toe,坡脚区,10,4,7,44,53,70,79,44,53,70,79,48.75581395348837,74.13953488372093,86,0,,ps10_v2_z02_raw_004_007,86,1,4,0,坡脚区,10,10,0,1,background_excluded,0.1272892477157444,0.43042853539747195,0.036503451918801215,-0.11109548454139077
ps10_v2_p047,2,toe,坡脚区,10,5,7,54,63,70,79,54,63,70,79,56.0,73.22222222222223,27,0,,ps10_v2_z02_raw_005_007,27,1,4,0,坡脚区,10,10,0,1,background_excluded,0.14293175946143258,0.4867353339087079,0.0338315563479616,-0.04861337220195354
ps10_v2_p019,2,toe,坡脚区,10,2,8,22,33,80,89,24,33,80,89,28.418367346938776,84.37755102040816,98,0,ps10_v2_z02_raw_001_008,ps10_v2_z02_raw_002_008,92,2,4,0,坡脚区,10,10,0,1,background_excluded,0.0956017735180337,0.32569938131179776,0.042230116002280646,-0.07191740224553186
ps10_v2_p029,2,toe,坡脚区,10,3,8,34,43,80,89,34,43,80,89,38.38356164383562,84.57534246575342,73,0,,ps10_v2_z02_raw_003_008,73,1,4,0,坡脚区,10,10,0,1,background_excluded,0.07996576642738763,0.25581037369382026,0.023574547438391935,-0.061397964564235984
ps10_v2_p039,2,toe,坡脚区,10,4,8,44,55,80,89,44,53,80,89,47.80392156862745,82.80392156862744,51,0,ps10_v2_z02_raw_005_008,ps10_v2_z02_raw_004_008,49,2,4,0,坡脚区,10,10,0,1,background_excluded,0.11010851956516855,0.3551993941657303,0.005882158661875699,-0.025666279435133204
ps10_v2_p010,2,toe,坡脚区,10,1,9,20,23,90,97,14,23,90,99,22.5,93.66666666666669,12,0,,ps10_v2_z02_raw_001_009,12,1,4,0,坡脚区,10,10,0,1,background_excluded,0.049306299159691015,0.12172284731460674,0.17178025690767706,-0.07505359730637298
ps10_v2_p020,2,toe,坡脚区,10,2,9,24,33,90,99,24,33,90,99,27.553846153846155,93.6923076923077,65,0,,ps10_v2_z02_raw_002_009,65,1,4,0,坡脚区,10,10,0,1,background_excluded,0.07521075213477528,0.2254537654719101,0.1011338172061254,-0.07265460474764351
ps10_v2_p030,2,toe,坡脚区,10,3,9,34,48,90,97,34,43,90,99,39.29268292682927,92.95121951219512,41,0,ps10_v2_z02_raw_004_009,ps10_v2_z02_raw_003_009,37,2,4,0,坡脚区,10,10,0,1,background_excluded,0.07141617792838482,0.21077692637780898,0.045746049021608094,-0.09921460645600029
ps10_v2_p163,3,middle_slope,坡中区,10,28,0,280,296,64,75,280,289,64,73,286.22222222222223,67.83333333333333,18,0,ps10_v2_z03_raw_029_000|ps10_v2_z03_raw_029_001,ps10_v2_z03_raw_028_000,12,3,0,64,坡中区,10,10,0,1,background_excluded,0.04496817352317415,0.08497191110674156,0.10475082336787837,0.09133612945439802
ps10_v2_p149,3,middle_slope,坡中区,10,21,1,208,219,75,83,210,219,74,83,213.6060606060606,79.48484848484848,33,0,ps10_v2_z03_raw_020_001,ps10_v2_z03_raw_021_001,29,2,0,64,坡中区,10,10,0,1,background_excluded,0.053659086648174155,0.138066056872191,0.15162953709402532,0.1490331960579121
ps10_v2_p157,3,middle_slope,坡中区,10,25,1,253,259,80,83,250,259,74,83,256.0769230769231,82.0,13,0,,ps10_v2_z03_raw_025_001,13,1,0,64,坡中区,10,10,0,1,background_excluded,0.06288621105688202,0.15751945122191013,0.024399164876289587,0.15122371972254517
ps10_v2_p159,3,middle_slope,坡中区,10,26,1,260,269,74,83,260,269,74,83,264.61290322580646,79.96774193548387,31,0,,ps10_v2_z03_raw_026_001,31,1,0,64,坡中区,10,10,0,1,background_excluded,0.06529466222471911,0.17012504083988764,0.08426984494877031,0.1393342157901373
ps10_v2_p161,3,middle_slope,坡中区,10,27,1,269,285,70,83,270,279,74,83,275.6388888888889,75.88888888888889,36,0,ps10_v2_z03_raw_026_000|ps10_v2_z03_raw_027_000|ps10_v2_z03_raw_028_001,ps10_v2_z03_raw_027_001,21,4,0,64,坡中区,10,10,0,1,background_excluded,0.046451840621348314,0.08739076283146067,0.10068130812125398,0.09828905453111848
ps10_v2_p150,3,middle_slope,坡中区,10,21,2,214,222,81,93,210,219,84,93,218.43478260869568,85.91304347826087,23,0,ps10_v2_z03_raw_022_001,ps10_v2_z03_raw_021_002,17,2,0,64,坡中区,10,10,0,1,background_excluded,0.05422441678455056,0.12646555800561798,0.1392443032348322,0.10319838364156338
ps10_v2_p152,3,middle_slope,坡中区,10,22,2,220,229,84,93,220,229,84,93,224.18,87.9,50,0,,ps10_v2_z03_raw_022_002,50,1,0,64,坡中区,10,10,0,1,background_excluded,0.061578296557373596,0.13789325842696631,0.08527832410324354,0.2051228780023979
ps10_v2_p154,3,middle_slope,坡中区,10,23,2,230,239,84,94,230,239,84,93,233.75,89.775,40,0,ps10_v2_z03_raw_023_003,ps10_v2_z03_raw_023_002,38,2,0,64,坡中区,10,10,0,1,background_excluded,0.0900312592807584,0.26035814606741575,0.021552375629909498,0.2072479974326002
ps10_v2_p156,3,middle_slope,坡中区,10,24,2,240,249,83,88,240,249,84,93,244.34615384615384,86.26923076923077,26,0,ps10_v2_z03_raw_024_001,ps10_v2_z03_raw_024_002,24,2,0,64,坡中区,10,10,0,1,background_excluded,0.06803107646039326,0.17442740306179774,-0.030395287424709864,0.10898179322645629
ps10_v2_p158,3,middle_slope,坡中区,10,25,2,250,259,84,88,250,259,84,93,254.77142857142857,86.25714285714285,35,0,,ps10_v2_z03_raw_025_002,35,1,0,64,坡中区,10,10,0,1,background_excluded,0.09068439962668538,0.27351525619662925,0.01556243347745892,0.14497928610692
ps10_v2_p160,3,middle_slope,坡中区,10,26,2,260,269,84,88,260,269,84,93,263.4,85.84,25,0,,ps10_v2_z03_raw_026_002,25,1,0,64,坡中区,10,10,0,1,background_excluded,0.06612449489634832,0.1714606741573034,0.016887702084811506,0.11177683882836155
ps10_v2_p162,3,middle_slope,坡中区,10,27,2,270,278,84,122,270,279,84,93,273.94117647058823,89.52941176470588,17,0,ps10_v2_z03_raw_027_005,ps10_v2_z03_raw_027_002,15,2,0,64,坡中区,10,10,0,1,background_excluded,0.053167653333567405,0.09856246110955055,0.09538281021993,0.11997423294878415
ps10_v2_p094,3,middle_slope,坡中区,10,1,3,0,19,85,102,10,19,94,103,14.6875,96.375,16,0,ps10_v2_z03_raw_000_002,ps10_v2_z03_raw_001_003,13,2,0,64,坡中区,10,10,0,1,background_excluded,0.04353417105168539,0.07952949438202248,0.11519784788544732,-0.12639222938846184
ps10_v2_p095,3,middle_slope,坡中区,10,2,3,20,40,95,104,20,29,94,103,22.875,100.1875,32,0,ps10_v2_z03_raw_002_004|ps10_v2_z03_raw_004_003,ps10_v2_z03_raw_002_003,29,3,0,64,坡中区,10,10,0,1,background_excluded,0.04618250688426966,0.11578300561797752,0.17430249909191248,-0.1208715315638773
ps10_v2_p151,3,middle_slope,坡中区,10,21,3,216,219,94,102,210,219,94,103,217.33333333333331,98.0,12,0,,ps10_v2_z03_raw_021_003,12,1,0,64,坡中区,10,10,0,1,background_excluded,0.10282819880266854,0.2688436322219101,0.03112345578157923,0.1882426982440016
ps10_v2_p153,3,middle_slope,坡中区,10,22,3,220,229,94,101,220,229,94,103,223.90625,97.09375,32,0,,ps10_v2_z03_raw_022_003,32,1,0,64,坡中区,10,10,0,1,background_excluded,0.1341577486960955,0.37192766853932585,0.018668375164345823,0.19976203831769554
ps10_v2_p104,3,middle_slope,坡中区,10,7,4,68,81,109,113,70,79,104,113,74.70967741935483,111.38709677419357,31,0,ps10_v2_z03_raw_006_004|ps10_v2_z03_raw_008_004,ps10_v2_z03_raw_007_004,25,3,0,64,坡中区,10,10,0,1,background_excluded,0.0678570566514045,0.19866798965449436,0.04579725839145622,-0.06791420496653161
ps10_v2_p096,3,middle_slope,坡中区,10,3,5,26,39,97,118,30,39,114,123,34.371428571428574,109.08571428571427,35,0,ps10_v2_z03_raw_002_005|ps10_v2_z03_raw_003_003|ps10_v2_z03_raw_003_004,ps10_v2_z03_raw_003_005,13,4,0,64,坡中区,10,10,0,1,background_excluded,0.044954391166573036,0.1045345130730337,0.189498995376819,-0.1378258335729851
ps10_v2_p097,3,middle_slope,坡中区,10,4,5,41,51,110,123,40,49,114,123,45.54166666666666,114.5,24,0,ps10_v2_z03_raw_004_004|ps10_v2_z03_raw_005_004,ps10_v2_z03_raw_004_005,13,3,0,64,坡中区,10,10,0,1,background_excluded,0.04989577824606742,0.10586376460393258,0.18347066541525947,-0.11438617723096835
ps10_v2_p098,3,middle_slope,坡中区,10,5,5,50,59,114,123,50,59,114,123,54.785714285714285,118.35714285714286,42,0,,ps10_v2_z03_raw_005_005,42,1,0,64,坡中区,10,10,0,1,background_excluded,0.059057712670000005,0.1743913904536517,0.08757782661946333,-0.11884950344695168
ps10_v2_p101,3,middle_slope,坡中区,10,6,5,60,69,117,123,60,69,114,123,65.02702702702703,120.8108108108108,37,0,,ps10_v2_z03_raw_006_005,37,1,0,64,坡中区,10,10,0,1,background_excluded,0.07609846519797754,0.2260856351488764,0.06225214429944707,-0.0512647503859652
ps10_v2_p105,3,middle_slope,坡中区,10,7,5,70,79,114,123,70,79,114,123,74.5,118.40789473684212,76,0,,ps10_v2_z03_raw_007_005,76,1,0,64,坡中区,10,10,0,1,background_excluded,0.0802143452980337,0.2324622997794944,0.044996282869454646,-0.02618232986809311
ps10_v2_p108,3,middle_slope,坡中区,10,8,5,80,89,114,123,80,89,114,123,83.88461538461539,119.6153846153846,52,0,,ps10_v2_z03_raw_008_005,52,1,0,64,坡中区,10,10,0,1,background_excluded,0.09033285199466293,0.2687716092949438,0.023961017856000334,-0.015702348282512973
ps10_v2_p112,3,middle_slope,坡中区,10,9,5,90,99,120,123,90,99,114,123,93.68,122.08,25,0,,ps10_v2_z03_raw_009_005,25,1,0,64,坡中区,10,10,0,1,background_excluded,0.0845926131147472,0.24882022471910115,0.03429693961814497,0.019310844041929495
ps10_v2_p117,3,middle_slope,坡中区,10,10,5,100,109,122,123,100,109,114,123,105.3076923076923,122.53846153846152,13,0,,ps10_v2_z03_raw_010_005,13,1,0,64,坡中区,10,10,0,1,background_excluded,0.09257020033202247,0.23109335141853932,-0.03861485653494597,0.10035800539811557
ps10_v2_p122,3,middle_slope,坡中区,10,11,5,110,119,122,123,110,119,114,123,113.53333333333332,122.46666666666668,15,0,,ps10_v2_z03_raw_011_005,15,1,0,64,坡中区,10,10,0,1,background_excluded,0.08960371296558989,0.27808989367977527,-0.08129206396780325,0.12170762394482042
ps10_v2_p145,3,middle_slope,坡中区,10,17,5,170,179,119,123,170,179,114,123,175.15151515151516,121.42424242424242,33,0,,ps10_v2_z03_raw_017_005,33,1,0,64,坡中区,10,10,0,1,background_excluded,0.2212722451389045,0.5535410394002809,-0.016754827234477705,0.1773264019498642
ps10_v2_p147,3,middle_slope,坡中区,10,18,5,180,205,112,123,180,189,114,123,186.6290322580645,118.88709677419357,62,0,ps10_v2_z03_raw_019_005|ps10_v2_z03_raw_020_004|ps10_v2_z03_raw_020_005,ps10_v2_z03_raw_018_005,48,4,0,64,坡中区,10,10,0,1,background_excluded,0.1989004792396489,0.5009287744171348,-0.022084423197496844,0.16958753863525447
ps10_v2_p099,3,middle_slope,坡中区,10,5,6,48,59,124,131,50,59,124,133,53.92592592592592,126.22222222222224,27,0,ps10_v2_z03_raw_004_006,ps10_v2_z03_raw_005_006,25,2,0,64,坡中区,10,10,0,1,background_excluded,0.06255487553174158,0.14102163906882023,0.14077968834196625,-0.10117564098727871
ps10_v2_p102,3,middle_slope,坡中区,10,6,6,60,69,124,133,60,69,124,133,64.86666666666666,128.01666666666668,60,0,,ps10_v2_z03_raw_006_006,60,1,0,64,坡中区,10,10,0,1,background_excluded,0.06598268977191012,0.17638108741713482,0.07592983633214931,-0.06716173173397182
ps10_v2_p106,3,middle_slope,坡中区,10,7,6,70,79,124,133,70,79,124,133,74.29577464788733,128.43661971830986,71,0,,ps10_v2_z03_raw_007_006,71,1,0,64,坡中区,10,10,0,1,background_excluded,0.09938524535143257,0.27136413828370787,0.013165256718380118,-0.034104592398156615
ps10_v2_p109,3,middle_slope,坡中区,10,8,6,80,89,124,133,80,89,124,133,84.67164179104478,128.88059701492537,67,0,,ps10_v2_z03_raw_008_006,67,1,0,64,坡中区,10,10,0,1,background_excluded,0.1004752480227528,0.28628626638623594,0.01927850223557321,0.041527412982953406
ps10_v2_p113,3,middle_slope,坡中区,10,9,6,90,99,124,133,90,99,124,133,94.87837837837836,128.40540540540542,74,0,,ps10_v2_z03_raw_009_006,74,1,0,64,坡中区,10,10,0,1,background_excluded,0.08288306874914325,0.22978666829634836,0.033262416998602135,0.021406335868993032
ps10_v2_p118,3,middle_slope,坡中区,10,10,6,100,109,124,133,100,109,124,133,104.6,128.65555555555557,90,0,,ps10_v2_z03_raw_010_006,90,1,0,64,坡中区,10,10,0,1,background_excluded,0.10586485960744381,0.31254682104634834,-0.024809509033185434,0.08183498893152422
ps10_v2_p123,3,middle_slope,坡中区,10,11,6,110,119,124,133,110,119,124,133,114.44444444444444,128.49382716049382,81,0,,ps10_v2_z03_raw_011_006,81,1,0,64,坡中区,10,10,0,1,background_excluded,0.10042033985973314,0.3015328064438202,-0.020107158476782752,0.09719883388456585
ps10_v2_p128,3,middle_slope,坡中区,10,12,6,120,130,122,133,120,129,124,133,124.71875,128.046875,64,0,ps10_v2_z03_raw_012_005|ps10_v2_z03_raw_013_005,ps10_v2_z03_raw_012_006,54,3,0,64,坡中区,10,10,0,1,background_excluded,0.10424806156589889,0.2809647120786517,0.016694827532590297,0.11603766127333191
ps10_v2_p133,3,middle_slope,坡中区,10,13,6,130,139,125,133,130,139,124,133,134.9433962264151,129.96226415094338,53,0,,ps10_v2_z03_raw_013_006,53,1,0,64,坡中区,10,10,0,1,background_excluded,0.11604374286264045,0.3426701315196629,-0.008670812340864888,0.13071382449153549
ps10_v2_p137,3,middle_slope,坡中区,10,14,6,140,149,128,133,140,149,124,133,143.33333333333334,131.12820512820514,39,0,,ps10_v2_z03_raw_014_006,39,1,0,64,坡中区,10,10,0,1,background_excluded,0.1280206567372191,0.3764765304185393,-0.0029619417135294734,0.13015113841637785
ps10_v2_p140,3,middle_slope,坡中区,10,15,6,150,159,130,133,150,159,124,133,155.46666666666667,132.0,15,0,,ps10_v2_z03_raw_015_006,15,1,0,64,坡中区,10,10,0,1,background_excluded,0.14558944565758428,0.34344570007022474,-0.02582410449842576,0.146574136625012
ps10_v2_p143,3,middle_slope,坡中区,10,16,6,160,169,122,133,160,169,124,133,165.22093023255815,128.6046511627907,86,0,ps10_v2_z03_raw_016_005,ps10_v2_z03_raw_016_006,79,2,0,64,坡中区,10,10,0,1,background_excluded,0.218371102380309,0.5221779491362359,-0.018582407108489154,0.19061374403593775
ps10_v2_p146,3,middle_slope,坡中区,10,17,6,170,179,124,136,170,179,124,133,173.54545454545453,128.4431818181818,88,0,ps10_v2_z03_raw_017_007,ps10_v2_z03_raw_017_006,80,2,0,64,坡中区,10,10,0,1,background_excluded,0.2034639130604916,0.5030324307935394,-0.014811009265954812,0.19097455749195902
ps10_v2_p148,3,middle_slope,坡中区,10,18,6,180,188,124,127,180,189,124,133,182.5625,125.125,16,0,,ps10_v2_z03_raw_018_006,16,1,0,64,坡中区,10,10,0,1,background_excluded,0.12799677523075842,0.34076544943820225,-0.029050750797878815,0.12438261983232507
ps10_v2_p103,3,middle_slope,坡中区,10,6,7,44,69,134,159,60,69,134,143,63.66666666666666,137.88888888888889,18,0,ps10_v2_z03_raw_004_009,ps10_v2_z03_raw_006_007,16,2,0,64,坡中区,10,10,0,1,background_excluded,0.047172740029634834,0.11142322346067415,0.12598936615088763,-0.09427166983815377
ps10_v2_p107,3,middle_slope,坡中区,10,7,7,70,79,134,147,70,79,134,143,74.87209302325581,139.1627906976744,86,0,ps10_v2_z03_raw_007_008,ps10_v2_z03_raw_007_007,75,2,0,64,坡中区,10,10,0,1,background_excluded,0.06240081201609551,0.18725503009129213,0.10514331229540066,-0.030964838239788833
ps10_v2_p110,3,middle_slope,坡中区,10,8,7,80,89,134,143,80,89,134,143,84.22857142857143,138.87142857142857,70,0,,ps10_v2_z03_raw_008_007,70,1,0,64,坡中区,10,10,0,1,background_excluded,0.09023167852199437,0.2517255263735955,0.025070000893280518,0.018951151754645172
ps10_v2_p114,3,middle_slope,坡中区,10,9,7,90,99,134,143,90,99,134,143,95.09433962264151,137.58490566037736,53,0,,ps10_v2_z03_raw_009_007,53,1,0,64,坡中区,10,10,0,1,background_excluded,0.11588796504421349,0.3448166227626404,0.0012998744952469885,0.03942258690428818
ps10_v2_p119,3,middle_slope,坡中区,10,10,7,100,109,134,143,100,109,134,143,103.84782608695652,137.7173913043478,46,0,,ps10_v2_z03_raw_010_007,46,1,0,64,坡中区,10,10,0,1,background_excluded,0.09531651825983145,0.26572422870786516,-0.004372304471375448,0.02310560101267617
ps10_v2_p124,3,middle_slope,坡中区,10,11,7,110,119,134,143,110,119,134,143,114.68831168831169,138.06493506493507,77,0,,ps10_v2_z03_raw_011_007,77,1,0,64,坡中区,10,10,0,1,background_excluded,0.09586068323019663,0.2682949082064606,0.017646568360342816,0.07731899004044634
ps10_v2_p129,3,middle_slope,坡中区,10,12,7,120,129,134,143,120,129,134,143,124.47692307692309,137.56923076923076,65,0,,ps10_v2_z03_raw_012_007,65,1,0,64,坡中区,10,10,0,1,background_excluded,0.09664423262018258,0.26374244441011235,-0.0073391175337106,0.09707071498874188
ps10_v2_p134,3,middle_slope,坡中区,10,13,7,130,139,134,143,130,139,134,143,134.4842105263158,138.5157894736842,95,0,,ps10_v2_z03_raw_013_007,95,1,0,64,坡中区,10,10,0,1,background_excluded,0.13900840324452246,0.3815937314887641,-0.011270295695384302,0.12022726518147377
ps10_v2_p138,3,middle_slope,坡中区,10,14,7,140,149,134,143,140,149,134,143,144.4126984126984,138.17460317460316,63,0,,ps10_v2_z03_raw_014_007,63,1,0,64,坡中区,10,10,0,1,background_excluded,0.1764625996108146,0.45967095724719104,-0.021450883454487882,0.13417470706078197
ps10_v2_p141,3,middle_slope,坡中区,10,15,7,150,159,134,143,150,159,134,143,154.8181818181818,138.89772727272728,88,0,,ps10_v2_z03_raw_015_007,88,1,0,64,坡中区,10,10,0,1,background_excluded,0.2069491089194101,0.5164389686910112,-0.020972026095617186,0.15586863731368036
ps10_v2_p144,3,middle_slope,坡中区,10,16,7,160,169,134,142,160,169,134,143,163.98333333333332,136.98333333333332,60,0,,ps10_v2_z03_raw_016_007,60,1,0,64,坡中区,10,10,0,1,background_excluded,0.21303556783412922,0.5397237837345505,-0.02638681556972459,0.18644236518447427
ps10_v2_p111,3,middle_slope,坡中区,10,8,8,80,89,144,153,80,89,144,153,84.45283018867924,147.11320754716982,53,0,,ps10_v2_z03_raw_008_008,53,1,0,64,坡中区,10,10,0,1,background_excluded,0.06677382131407304,0.1827697699311798,0.10563093626718868,0.0350715133510586
ps10_v2_p115,3,middle_slope,坡中区,10,9,8,90,99,144,153,90,99,144,153,94.5,149.19565217391303,46,0,,ps10_v2_z03_raw_009_008,46,1,0,64,坡中区,10,10,0,1,background_excluded,0.07238237432808989,0.20185026787921354,0.05284299600725069,-0.0025711721044086215
ps10_v2_p120,3,middle_slope,坡中区,10,10,8,100,109,144,153,100,109,144,153,105.67441860465117,147.93023255813952,43,0,,ps10_v2_z03_raw_010_008,43,1,0,64,坡中区,10,10,0,1,background_excluded,0.11706871854929775,0.3032728006109551,-0.023367916493168325,0.05622575732906935
ps10_v2_p125,3,middle_slope,坡中区,10,11,8,110,119,144,153,110,119,144,153,114.70886075949367,148.73417721518987,79,0,,ps10_v2_z03_raw_011_008,79,1,0,64,坡中区,10,10,0,1,background_excluded,0.131359441919059,0.3722621231573034,-0.037795903160406694,0.07902732242028154
ps10_v2_p130,3,middle_slope,坡中区,10,12,8,120,129,144,153,120,129,144,153,124.67105263157896,148.6315789473684,76,0,,ps10_v2_z03_raw_012_008,76,1,0,64,坡中区,10,10,0,1,background_excluded,0.14617867904227527,0.38643923742837083,-0.022871200612948055,0.08743261856570755
ps10_v2_p135,3,middle_slope,坡中区,10,13,8,130,139,144,153,130,139,144,153,134.38372093023256,148.17441860465115,86,0,,ps10_v2_z03_raw_013_008,86,1,0,64,坡中区,10,10,0,1,background_excluded,0.20163361796710672,0.5186667114143259,-0.026422530813190584,0.09492845139500315
ps10_v2_p139,3,middle_slope,坡中区,10,14,8,140,149,144,156,140,149,144,153,144.13978494623657,148.61290322580646,93,0,ps10_v2_z03_raw_014_009,ps10_v2_z03_raw_014_008,84,2,0,64,坡中区,10,10,0,1,background_excluded,0.2204072090685955,0.538434814994382,-0.022560976482807794,0.1178146669855067
ps10_v2_p142,3,middle_slope,坡中区,10,15,8,150,158,144,150,150,159,144,153,152.83333333333334,145.91666666666666,36,0,,ps10_v2_z03_raw_015_008,36,1,0,64,坡中区,10,10,0,1,background_excluded,0.22398149311657303,0.560432268761236,-0.024728408016878634,0.13529349854489986
ps10_v2_p116,3,middle_slope,坡中区,10,9,9,92,99,154,159,90,99,154,163,96.0909090909091,156.5,22,0,,ps10_v2_z03_raw_009_009,22,1,0,64,坡中区,10,10,0,1,background_excluded,0.0594790477769663,0.15238764063623597,0.09440456414537288,0.07039227104955216
ps10_v2_p121,3,middle_slope,坡中区,10,10,9,100,109,154,164,100,109,154,163,104.81666666666666,158.41666666666666,60,0,ps10_v2_z03_raw_010_010,ps10_v2_z03_raw_010_009,58,2,0,64,坡中区,10,10,0,1,background_excluded,0.09072846409873596,0.2461610501446629,0.04843746790422149,0.013793596003780358
ps10_v2_p126,3,middle_slope,坡中区,10,11,9,110,119,154,163,110,119,154,163,114.64473684210526,158.92105263157896,76,0,,ps10_v2_z03_raw_011_009,76,1,0,64,坡中区,10,10,0,1,background_excluded,0.12859107498061798,0.36714591873455055,-0.020924912208708596,0.06530401272934178
ps10_v2_p131,3,middle_slope,坡中区,10,12,9,120,129,154,163,120,129,154,163,124.52808988764043,158.3033707865169,89,0,,ps10_v2_z03_raw_012_009,89,1,0,64,坡中区,10,10,0,1,background_excluded,0.17622733467764043,0.5132085605884832,-0.029858700994573478,0.06956279834554555
ps10_v2_p136,3,middle_slope,坡中区,10,13,9,130,139,154,163,130,139,154,163,133.8507462686567,157.07462686567163,67,0,,ps10_v2_z03_raw_013_009,67,1,0,64,坡中区,10,10,0,1,background_excluded,0.21385834048314606,0.5648373332612361,-0.02467198678450261,0.08820167351297274
ps10_v2_p155,3,middle_slope,坡中区,10,23,9,201,266,129,199,230,239,154,163,236.92307692307693,160.78846153846155,52,0,ps10_v2_z03_raw_020_013|ps10_v2_z03_raw_021_011|ps10_v2_z03_raw_022_011|ps10_v2_z03_raw_024_009|ps10_v2_z03_raw_025_007|ps10_v2_z03_raw_026_006|ps10_v2_z03_raw_026_007,ps10_v2_z03_raw_023_009,14,8,0,64,坡中区,10,10,0,1,background_excluded,0.12375585883603932,0.31403954312921345,-0.0799994666884481,0.14118182008953697
ps10_v2_p127,3,middle_slope,坡中区,10,11,10,110,119,164,169,110,119,164,173,115.83333333333331,166.0,30,0,,ps10_v2_z03_raw_011_010,30,1,0,64,坡中区,10,10,0,1,background_excluded,0.10136268650518258,0.32439138725421346,0.04819819066888108,0.06418213256768455
ps10_v2_p132,3,middle_slope,坡中区,10,12,10,120,129,164,170,120,129,164,173,123.05555555555556,165.77777777777777,36,0,,ps10_v2_z03_raw_012_010,36,1,0,64,坡中区,10,10,0,1,background_excluded,0.1746919684008427,0.4879837691938202,-0.012210316045042262,0.059125156471034127
ps10_v2_p100,3,middle_slope,坡中区,10,5,13,44,86,175,205,50,59,194,203,63.32835820895522,192.19402985074623,67,0,ps10_v2_z03_raw_004_013|ps10_v2_z03_raw_005_014|ps10_v2_z03_raw_006_011|ps10_v2_z03_raw_006_012|ps10_v2_z03_raw_006_013|ps10_v2_z03_raw_007_011|ps10_v2_z03_raw_007_012|ps10_v2_z03_raw_008_012|ps10_v2_z03_raw_008_013,ps10_v2_z03_raw_005_013,19,10,0,64,坡中区,10,10,0,1,background_excluded,0.049762131069747195,0.1095086367008427,0.12281910394108932,0.007235917339282697
ps10_v2_p164,4,platform,平台区,10,0,0,56,65,71,88,56,65,71,80,60.91752577319588,75.81443298969072,97,0,ps10_v2_z04_raw_000_001,ps10_v2_z04_raw_000_000,88,2,56,71,平台区,10,10,0,1,background_excluded,0.13463417967144664,0.44716494089466285,0.030356739273890272,-0.017448005258492487
ps10_v2_p165,4,platform,平台区,10,1,0,66,75,71,80,66,75,71,80,70.5,75.5,100,0,,ps10_v2_z04_raw_001_000,100,1,56,71,平台区,10,10,0,1,background_excluded,0.14126899156768258,0.4764325842696629,0.04882788877321317,-0.05389141998932581
ps10_v2_p167,4,platform,平台区,10,2,0,76,85,71,80,76,85,71,80,80.5,75.5,100,0,,ps10_v2_z04_raw_002_000,100,1,56,71,平台区,10,10,0,1,background_excluded,0.15746290145856742,0.5087219101123596,0.050436334647103634,-0.050310324097594346
ps10_v2_p172,4,platform,平台区,10,3,0,86,95,71,80,86,95,71,80,90.09210526315788,76.60526315789474,76,0,,ps10_v2_z04_raw_003_000,76,1,56,71,平台区,10,10,0,1,background_excluded,0.14910915221161516,0.4758463937780899,0.03244658425410989,-0.050108902488044456
ps10_v2_p177,4,platform,平台区,10,4,0,96,105,71,80,96,105,71,80,100.62886597938144,75.61855670103093,97,0,,ps10_v2_z04_raw_004_000,97,1,56,71,平台区,10,10,0,1,background_excluded,0.14898387493221907,0.4920508435870786,0.027025043423836236,0.0064705567171879355
ps10_v2_p182,4,platform,平台区,10,5,0,106,115,71,80,106,115,71,80,110.19101123595506,75.98876404494382,89,0,,ps10_v2_z04_raw_005_000,89,1,56,71,平台区,10,10,0,1,background_excluded,0.16912332027148874,0.5345600323216293,-0.009352490142493085,0.03067082060249782
ps10_v2_p187,4,platform,平台区,10,6,0,116,125,71,80,116,125,71,80,120.5,75.5,100,0,,ps10_v2_z04_raw_006_000,100,1,56,71,平台区,10,10,0,1,background_excluded,0.1790519215523455,0.5542837078651686,0.0005345758676507914,0.030925253960909553
ps10_v2_p192,4,platform,平台区,10,7,0,126,135,71,80,126,135,71,80,130.5,75.5,100,0,,ps10_v2_z04_raw_007_000,100,1,56,71,平台区,10,10,0,1,background_excluded,0.18473674244536517,0.5603792134831461,-0.003948149606641419,0.07425538564550402
ps10_v2_p197,4,platform,平台区,10,8,0,136,145,71,80,136,145,71,80,140.5,75.5,100,0,,ps10_v2_z04_raw_008_000,100,1,56,71,平台区,10,10,0,1,background_excluded,0.17171737703227527,0.5290168539325842,0.013825265279237001,0.11834772694332311
ps10_v2_p202,4,platform,平台区,10,9,0,146,155,71,80,146,155,71,80,150.4747474747475,75.54545454545455,99,0,,ps10_v2_z04_raw_009_000,99,1,56,71,平台区,10,10,0,1,background_excluded,0.1706492214849017,0.5308279445210674,0.01928021394222078,0.13120466786589602
ps10_v2_p207,4,platform,平台区,10,10,0,156,165,71,80,156,165,71,80,159.85333333333332,76.41333333333333,75,0,,ps10_v2_z04_raw_010_000,75,1,56,71,平台区,10,10,0,1,background_excluded,0.13949350811426964,0.4158426970154494,0.009009257532502729,0.1020637334852344
ps10_v2_p212,4,platform,平台区,10,11,0,166,175,71,80,166,175,71,80,170.66666666666666,74.66666666666667,21,0,,ps10_v2_z04_raw_011_000,21,1,56,71,平台区,10,10,0,1,background_excluded,0.07280068792893259,0.15155163720505618,-0.004325901646498234,0.11345725078438251
ps10_v2_p217,4,platform,平台区,10,12,0,176,185,71,80,176,185,71,80,179.0,77.4,15,0,,ps10_v2_z04_raw_012_000,15,1,56,71,平台区,10,10,0,1,background_excluded,0.055063816079353935,0.11900749359550565,0.0332457005414171,0.050098693521276105
ps10_v2_p222,4,platform,平台区,10,13,0,186,195,71,80,186,195,71,80,189.91666666666663,76.5,12,0,,ps10_v2_z04_raw_013_000,12,1,56,71,平台区,10,10,0,1,background_excluded,0.05826886811966291,0.12055243537359549,0.11239600866542554,0.14106380397093118
ps10_v2_p227,4,platform,平台区,10,14,0,196,208,71,80,196,205,71,80,200.95238095238096,75.76190476190476,21,0,ps10_v2_z04_raw_015_000,ps10_v2_z04_raw_014_000,16,2,56,71,平台区,10,10,0,1,background_excluded,0.03900340941727528,0.0775147166994382,0.06684614060796668,0.07878482048088219
ps10_v2_p166,4,platform,平台区,10,1,1,66,75,81,89,66,75,81,90,71.29824561403508,83.59649122807018,57,0,,ps10_v2_z04_raw_001_001,57,1,56,71,平台区,10,10,0,1,background_excluded,0.14132466625032303,0.44741770143258425,0.04010839397020122,-0.04423876736205058
ps10_v2_p168,4,platform,平台区,10,2,1,76,85,81,90,76,85,81,90,80.6082474226804,85.36082474226804,97,0,,ps10_v2_z04_raw_002_001,97,1,56,71,平台区,10,10,0,1,background_excluded,0.16651984601825842,0.5189244694761236,0.032972705391220374,-0.011456045565797816
ps10_v2_p173,4,platform,平台区,10,3,1,86,95,81,90,86,95,81,90,90.5,85.5,100,0,,ps10_v2_z04_raw_003_001,100,1,56,71,平台区,10,10,0,1,background_excluded,0.15683380617205056,0.506376404494382,0.04642692294579401,-0.003343075082336974
ps10_v2_p178,4,platform,平台区,10,4,1,96,105,81,90,96,105,81,90,100.4949494949495,85.51515151515152,99,0,,ps10_v2_z04_raw_004_001,99,1,56,71,平台区,10,10,0,1,background_excluded,0.14654989405210675,0.46517137741432585,0.03138711787536241,0.049995230520020924
ps10_v2_p183,4,platform,平台区,10,5,1,106,115,81,90,106,115,81,90,110.5,85.5,100,0,,ps10_v2_z04_raw_005_001,100,1,56,71,平台区,10,10,0,1,background_excluded,0.18025913815042133,0.5489747191011236,0.008392504878513892,0.0605247198569462
ps10_v2_p188,4,platform,平台区,10,6,1,116,125,81,90,116,125,81,90,120.5,85.5,100,0,,ps10_v2_z04_raw_006_001,100,1,56,71,平台区,10,10,0,1,background_excluded,0.19409817372120786,0.5846488764044944,-0.0075791571673228895,0.11132754742995701
ps10_v2_p193,4,platform,平台区,10,7,1,126,135,81,90,126,135,81,90,130.5,85.5,100,0,,ps10_v2_z04_raw_007_001,100,1,56,71,平台区,10,10,0,1,background_excluded,0.1893409559362079,0.5607865168539325,0.002661457482793425,0.10097348793830409
ps10_v2_p198,4,platform,平台区,10,8,1,136,145,81,90,136,145,81,90,140.5,85.5,100,0,,ps10_v2_z04_raw_008_001,100,1,56,71,平台区,10,10,0,1,background_excluded,0.16832700282919943,0.5187780898876404,0.017409540218472932,0.08307286168219138
ps10_v2_p203,4,platform,平台区,10,9,1,146,155,81,90,146,155,81,90,150.5,85.5,100,0,,ps10_v2_z04_raw_009_001,100,1,56,71,平台区,10,10,0,1,background_excluded,0.15781865380835677,0.492373595505618,0.009941640366208196,0.09701864044395045
ps10_v2_p208,4,platform,平台区,10,10,1,156,165,81,90,156,165,81,90,160.5,85.5,100,0,,ps10_v2_z04_raw_010_001,100,1,56,71,平台区,10,10,0,1,background_excluded,0.14674049906470504,0.44082865168539326,0.02275210206288925,0.14975330789741959
ps10_v2_p213,4,platform,平台区,10,11,1,166,175,81,90,166,175,81,90,170.27272727272728,85.76136363636364,88,0,,ps10_v2_z04_raw_011_001,88,1,56,71,平台区,10,10,0,1,background_excluded,0.13269378692435393,0.3948384822991573,0.030766560373702574,0.13028153448616894
ps10_v2_p218,4,platform,平台区,10,12,1,176,185,81,90,176,185,81,90,179.12,87.76,25,0,,ps10_v2_z04_raw_012_001,25,1,56,71,平台区,10,10,0,1,background_excluded,0.095684651825,0.2592134831460674,0.07140434329409294,0.09794087608149955
ps10_v2_p223,4,platform,平台区,10,13,1,187,195,81,90,186,195,81,90,192.07142857142856,86.14285714285714,14,0,,ps10_v2_z04_raw_013_001,14,1,56,71,平台区,10,10,0,1,background_excluded,0.04665025387808988,0.08527287617977526,-0.035282150695903784,0.01943179321975362
ps10_v2_p228,4,platform,平台区,10,14,1,196,209,81,90,196,205,81,90,201.77272727272728,87.77272727272727,22,0,ps10_v2_z04_raw_015_001,ps10_v2_z04_raw_014_001,17,2,56,71,平台区,10,10,0,1,background_excluded,0.0459036726366573,0.10374106363342697,0.0626783957672034,0.07913549493961551
ps10_v2_p169,4,platform,平台区,10,2,2,71,85,91,95,76,85,91,100,81.07407407407408,92.62962962962963,27,0,ps10_v2_z04_raw_001_002,ps10_v2_z04_raw_002_002,23,2,56,71,平台区,10,10,0,1,background_excluded,0.12527508077580055,0.37473990984269656,0.027871268996836607,-0.03732065965648077
ps10_v2_p174,4,platform,平台区,10,3,2,86,95,91,100,86,95,91,100,91.15277777777776,94.30555555555556,72,0,,ps10_v2_z04_raw_003_002,72,1,56,71,平台区,10,10,0,1,background_excluded,0.15995867055000001,0.4877496895393259,0.03288194893212454,0.021366365112037596
ps10_v2_p179,4,platform,平台区,10,4,2,96,105,91,100,96,105,91,100,100.82051282051282,95.25641025641026,78,0,,ps10_v2_z04_raw_004_002,78,1,56,71,平台区,10,10,0,1,background_excluded,0.12158752998758428,0.34791847206601123,0.04077748849926791,0.09127935366827268
ps10_v2_p184,4,platform,平台区,10,5,2,106,115,91,100,106,115,91,100,110.45360824742268,95.4639175257732,97,0,,ps10_v2_z04_raw_005_002,97,1,56,71,平台区,10,10,0,1,background_excluded,0.13313881429841293,0.40746263357724716,0.02367167518103675,0.11995278305030006
ps10_v2_p189,4,platform,平台区,10,6,2,116,125,91,100,116,125,91,100,120.51546391752578,95.41237113402062,97,0,,ps10_v2_z04_raw_006_002,97,1,56,71,平台区,10,10,0,1,background_excluded,0.14294971454662922,0.4440229260463483,0.01204063831288979,0.10968242360531506
ps10_v2_p194,4,platform,平台区,10,7,2,126,135,91,100,126,135,91,100,130.4747474747475,95.46464646464646,99,0,,ps10_v2_z04_raw_007_002,99,1,56,71,平台区,10,10,0,1,background_excluded,0.1735904526808989,0.5160452868314606,-0.008540881810320785,0.12057939772933732
ps10_v2_p199,4,platform,平台区,10,8,2,136,145,91,100,136,145,91,100,140.5151515151515,95.4949494949495,99,0,,ps10_v2_z04_raw_008_002,99,1,56,71,平台区,10,10,0,1,background_excluded,0.16224290970110955,0.4779962550884832,0.0034817046092543483,0.08277349151026257
ps10_v2_p204,4,platform,平台区,10,9,2,146,155,91,100,146,155,91,100,150.5252525252525,95.51515151515152,99,0,,ps10_v2_z04_raw_009_002,99,1,56,71,平台区,10,10,0,1,background_excluded,0.15861717275382023,0.46446203749438203,0.009883527508431737,0.09851376393039384
ps10_v2_p209,4,platform,平台区,10,10,2,156,165,91,100,156,165,91,100,160.5050505050505,95.5050505050505,99,0,,ps10_v2_z04_raw_010_002,99,1,56,71,平台区,10,10,0,1,background_excluded,0.16860622403926967,0.4763363989564606,0.009911379508692308,0.10971500004653614
ps10_v2_p214,4,platform,平台区,10,11,2,166,175,91,100,166,175,91,100,170.23076923076923,95.74725274725274,91,0,,ps10_v2_z04_raw_011_002,91,1,56,71,平台区,10,10,0,1,background_excluded,0.1405689623665309,0.42364799173033707,-0.0037091768018758533,0.07708411749377844
ps10_v2_p219,4,platform,平台区,10,12,2,176,185,91,100,176,185,91,100,180.33766233766235,95.68831168831169,77,0,,ps10_v2_z04_raw_012_002,77,1,56,71,平台区,10,10,0,1,background_excluded,0.10510355702963482,0.3030789447134831,0.011959208088472688,0.07212852195254203
ps10_v2_p224,4,platform,平台区,10,13,2,186,195,91,100,186,195,91,100,189.5625,97.03125,32,0,,ps10_v2_z04_raw_013_002,32,1,56,71,平台区,10,10,0,1,background_excluded,0.06395027558192416,0.15344101123595505,0.014906412110787127,0.016413670280763203
ps10_v2_p229,4,platform,平台区,10,14,2,196,205,91,100,196,205,91,100,200.63636363636363,96.25454545454544,55,0,,ps10_v2_z04_raw_014_002,55,1,56,71,平台区,10,10,0,1,background_excluded,0.0675280018266854,0.1633554632247191,0.08594298452761763,0.10976889783071059
ps10_v2_p232,4,platform,平台区,10,15,2,206,216,91,100,206,215,91,100,210.6,96.8,40,0,ps10_v2_z04_raw_016_002,ps10_v2_z04_raw_015_002,37,2,56,71,平台区,10,10,0,1,background_excluded,0.05949324543974719,0.1454002808988764,0.09451866542557714,0.14201236513406465
ps10_v2_p170,4,platform,平台区,10,2,3,76,85,104,110,76,85,101,110,81.4186046511628,107.74418604651164,43,0,,ps10_v2_z04_raw_002_003,43,1,56,71,平台区,10,10,0,1,background_excluded,0.07288029274726124,0.20917167703230338,0.026073706212689413,0.011742795951493414
ps10_v2_p175,4,platform,平台区,10,3,3,86,95,105,110,86,95,101,110,89.4,107.825,40,0,,ps10_v2_z04_raw_003_003,40,1,56,71,平台区,10,10,0,1,background_excluded,0.11439916829311797,0.35898876404494384,0.01408458700589382,0.05804142116448805
ps10_v2_p180,4,platform,平台区,10,4,3,96,105,101,108,96,105,101,110,100.4,103.2,20,0,,ps10_v2_z04_raw_004_003,20,1,56,71,平台区,10,10,0,1,background_excluded,0.09552179485196628,0.23525280898876405,0.047182959612980135,0.07632996750983116
ps10_v2_p185,4,platform,平台区,10,5,3,106,115,101,110,106,115,101,110,111.26865671641792,105.26865671641792,67,0,,ps10_v2_z04_raw_005_003,67,1,56,71,平台区,10,10,0,1,background_excluded,0.13333299766242976,0.3805550904283708,0.02549102394581514,0.1641927286168952
ps10_v2_p190,4,platform,平台区,10,6,3,116,125,101,110,116,125,101,110,120.27173913043478,105.70652173913044,92,0,,ps10_v2_z04_raw_006_003,92,1,56,71,平台区,10,10,0,1,background_excluded,0.1541774678672893,0.43444675000561794,0.018951934386961553,0.1591841307911655
ps10_v2_p195,4,platform,平台区,10,7,3,126,135,101,110,126,135,101,110,130.57291666666666,105.48958333333331,96,0,,ps10_v2_z04_raw_007_003,96,1,56,71,平台区,10,10,0,1,background_excluded,0.1427202451155899,0.40838600199999997,0.008417443110871548,0.13022052966665193
ps10_v2_p200,4,platform,平台区,10,8,3,136,145,101,110,136,145,101,110,140.4848484848485,105.45454545454544,99,0,,ps10_v2_z04_raw_008_003,99,1,56,71,平台区,10,10,0,1,background_excluded,0.15616660853126402,0.46081602586657305,0.008657863920264897,0.09997264947633663
ps10_v2_p205,4,platform,平台区,10,9,3,146,155,101,110,146,155,101,110,150.26966292134833,105.15730337078652,89,0,,ps10_v2_z04_raw_009_003,89,1,56,71,平台区,10,10,0,1,background_excluded,0.15880624698095505,0.4584490579241573,-0.00790502593458174,0.07248728503904071
ps10_v2_p210,4,platform,平台区,10,10,3,156,165,101,110,156,165,101,110,161.03614457831324,105.2289156626506,83,0,,ps10_v2_z04_raw_010_003,83,1,56,71,平台区,10,10,0,1,background_excluded,0.16408085728675562,0.4545316095561798,0.0006723552411730864,0.11339431363624566
ps10_v2_p215,4,platform,平台区,10,11,3,166,175,101,110,166,175,101,110,170.6043956043956,105.41758241758242,91,0,,ps10_v2_z04_raw_011_003,91,1,56,71,平台区,10,10,0,1,background_excluded,0.16429155481639046,0.4595474843244382,-0.005230492861619903,0.10660569947881386
ps10_v2_p220,4,platform,平台区,10,12,3,176,185,101,110,176,185,101,110,180.47916666666663,105.51041666666669,96,0,,ps10_v2_z04_raw_012_003,96,1,56,71,平台区,10,10,0,1,background_excluded,0.1547754218774719,0.4327598324789325,-0.0008169526199367044,0.1444307865726774
ps10_v2_p225,4,platform,平台区,10,13,3,186,195,101,110,186,195,101,110,190.08536585365852,105.85365853658536,82,0,,ps10_v2_z04_raw_013_003,82,1,56,71,平台区,10,10,0,1,background_excluded,0.13118462386264046,0.36662441591573036,-0.017899315327981963,0.10911096720173485
ps10_v2_p230,4,platform,平台区,10,14,3,196,205,101,110,196,205,101,110,200.70149253731344,105.46268656716418,67,0,,ps10_v2_z04_raw_014_003,67,1,56,71,平台区,10,10,0,1,background_excluded,0.09151489488950842,0.22492872749157303,-0.025388525791931578,0.10504506165998481
ps10_v2_p233,4,platform,平台区,10,15,3,206,215,101,111,206,215,101,110,210.2923076923077,105.81538461538462,65,0,ps10_v2_z04_raw_015_004,ps10_v2_z04_raw_015_003,63,2,56,71,平台区,10,10,0,1,background_excluded,0.09537664467741572,0.24068712832584271,0.05192487715338119,0.16185328923359535
ps10_v2_p234,4,platform,平台区,10,16,3,216,219,101,109,216,225,101,110,217.1818181818182,105.4090909090909,22,0,,ps10_v2_z04_raw_016_003,22,1,56,71,平台区,10,10,0,1,background_excluded,0.19215292501938205,0.5156409621025281,-0.013570400968014285,0.180891282208045
ps10_v2_p171,4,platform,平台区,10,2,4,79,85,111,115,76,85,111,120,83.05882352941177,112.11764705882354,17,0,,ps10_v2_z04_raw_002_004,17,1,56,71,平台区,10,10,0,1,background_excluded,0.07559503653820225,0.25966623394662924,0.0009483346017001293,0.008255371798790039
ps10_v2_p176,4,platform,平台区,10,3,4,86,95,111,121,86,95,111,120,91.23684210526316,114.76315789473684,76,0,ps10_v2_z04_raw_003_005,ps10_v2_z04_raw_003_004,74,2,56,71,平台区,10,10,0,1,background_excluded,0.08892484289887641,0.26227084561376407,-0.014997373336802981,0.04984826222886619
ps10_v2_p181,4,platform,平台区,10,4,4,96,105,111,121,96,105,111,120,100.4891304347826,116.54347826086956,92,0,ps10_v2_z04_raw_004_005,ps10_v2_z04_raw_004_004,83,2,56,71,平台区,10,10,0,1,background_excluded,0.11088543010744381,0.3553828750702247,-0.03154842447392374,0.07916188617976176
ps10_v2_p186,4,platform,平台区,10,5,4,106,115,111,121,106,115,111,120,110.49532710280374,115.98130841121495,107,0,ps10_v2_z04_raw_005_005,ps10_v2_z04_raw_005_004,98,2,56,71,平台区,10,10,0,1,background_excluded,0.14227546816324438,0.4432295455224719,0.003429541986213002,0.11055375312735406
ps10_v2_p191,4,platform,平台区,10,6,4,116,125,111,121,116,125,111,120,120.25510204081633,115.76530612244898,98,0,ps10_v2_z04_raw_006_005,ps10_v2_z04_raw_006_004,93,2,56,71,平台区,10,10,0,1,background_excluded,0.14780746708061798,0.43920545813202244,0.0031741967411669887,0.14656374705990685
ps10_v2_p196,4,platform,平台区,10,7,4,126,135,111,121,126,135,111,120,130.61627906976744,115.01162790697674,86,0,ps10_v2_z04_raw_007_005,ps10_v2_z04_raw_007_004,85,2,56,71,平台区,10,10,0,1,background_excluded,0.15633909969713483,0.43573621707022475,-0.0055555818157665745,0.16505872186592882
ps10_v2_p201,4,platform,平台区,10,8,4,136,145,111,120,136,145,111,120,139.86486486486487,114.97297297297295,74,0,,ps10_v2_z04_raw_008_004,74,1,56,71,平台区,10,10,0,1,background_excluded,0.16051236726568818,0.44926738517977527,-0.014098983030318224,0.14748788740585247
ps10_v2_p206,4,platform,平台区,10,9,4,146,155,111,114,146,155,111,120,149.78571428571428,112.14285714285714,14,0,,ps10_v2_z04_raw_009_004,14,1,56,71,平台区,10,10,0,1,background_excluded,0.1589433624144663,0.444522474494382,-0.058919308811467015,0.11887432754275773
ps10_v2_p211,4,platform,平台区,10,10,4,156,165,111,121,156,165,111,120,160.81428571428572,114.17142857142858,70,0,ps10_v2_z04_raw_010_005,ps10_v2_z04_raw_010_004,69,2,56,71,平台区,10,10,0,1,background_excluded,0.16253196698103933,0.45126404702949435,-0.011125149662463085,0.10626552199840712
ps10_v2_p216,4,platform,平台区,10,11,4,166,175,111,119,166,175,111,120,169.64285714285714,112.67857142857144,28,0,,ps10_v2_z04_raw_011_004,28,1,56,71,平台区,10,10,0,1,background_excluded,0.15442292826151685,0.4412118789410112,-0.048658553895432125,0.036712045365617604
ps10_v2_p221,4,platform,平台区,10,12,4,176,185,111,119,176,185,111,120,180.61194029850745,114.05970149253731,67,0,,ps10_v2_z04_raw_012_004,67,1,56,71,平台区,10,10,0,1,background_excluded,0.19051066407542133,0.49853261964325846,-0.039974432266410204,0.13616958842921864
ps10_v2_p226,4,platform,平台区,10,13,4,186,195,111,116,186,195,111,120,189.93478260869568,113.06521739130434,46,0,,ps10_v2_z04_raw_013_004,46,1,56,71,平台区,10,10,0,1,background_excluded,0.2084874173033989,0.5450048878651684,-0.030185622072248314,0.16237951991301952
ps10_v2_p231,4,platform,平台区,10,14,4,196,204,111,114,196,205,111,120,199.0,111.84615384615384,13,0,,ps10_v2_z04_raw_014_004,13,1,56,71,平台区,10,10,0,1,background_excluded,0.11195524460969102,0.2759291349297753,0.02167221908334694,0.1751745358888032
ps10_v2_p293,5,crest,坡顶区,10,14,0,226,232,95,98,223,232,89,98,229.83333333333331,96.94444444444444,18,0,,ps10_v2_z05_raw_014_000,18,1,83,89,坡顶区,10,10,0,1,background_excluded,0.19590110183202245,0.5164637925449438,0.003030956717830687,0.2000331335869589
ps10_v2_p298,5,crest,坡顶区,10,15,0,233,242,89,98,233,242,89,98,237.7910447761194,94.44776119402984,67,0,,ps10_v2_z05_raw_015_000,67,1,83,89,坡顶区,10,10,0,1,background_excluded,0.15858268440860954,0.4367767898244382,-0.03770206579455421,0.18065576983457907
ps10_v2_p302,5,crest,坡顶区,10,16,0,243,252,89,98,243,252,89,98,247.43373493975903,93.57831325301204,83,0,,ps10_v2_z05_raw_016_000,83,1,83,89,坡顶区,10,10,0,1,background_excluded,0.15010650924314606,0.43491945208286514,-0.018763472319984986,0.1823670196963105
ps10_v2_p305,5,crest,坡顶区,10,17,0,253,262,89,98,253,262,89,98,257.4054054054054,93.41891891891892,74,0,,ps10_v2_z05_raw_017_000,74,1,83,89,坡顶区,10,10,0,1,background_excluded,0.1013156288409691,0.29636729390870786,-0.02558304411488052,0.1713778060217616
ps10_v2_p307,5,crest,坡顶区,10,18,0,263,272,89,99,263,272,89,98,266.0,92.7608695652174,46,0,ps10_v2_z05_raw_018_001,ps10_v2_z05_raw_018_000,45,2,83,89,坡顶区,10,10,0,1,background_excluded,0.06374399728300562,0.1864924260393259,0.011486302913592171,0.14950515290141245
ps10_v2_p289,5,crest,坡顶区,10,13,1,219,222,101,108,213,222,99,108,220.7391304347826,104.82608695652172,23,0,,ps10_v2_z05_raw_013_001,23,1,83,89,坡顶区,10,10,0,1,background_excluded,0.21672638276404496,0.5479360039044944,-0.0022625391996806857,0.18529314551955817
ps10_v2_p294,5,crest,坡顶区,10,14,1,223,232,99,108,223,232,99,108,227.5632183908046,103.48275862068964,87,0,,ps10_v2_z05_raw_014_001,87,1,83,89,坡顶区,10,10,0,1,background_excluded,0.20223301085294945,0.533433420880618,-0.008055201531880015,0.18451417148626192
ps10_v2_p299,5,crest,坡顶区,10,15,1,233,242,99,108,233,242,99,108,237.57471264367817,103.48275862068964,87,0,,ps10_v2_z05_raw_015_001,87,1,83,89,坡顶区,10,10,0,1,background_excluded,0.1842240630183989,0.4970780051362359,-0.021292363335571392,0.18559652787288458
ps10_v2_p303,5,crest,坡顶区,10,16,1,243,252,99,108,243,252,99,108,247.5487804878049,103.46341463414636,82,0,,ps10_v2_z05_raw_016_001,82,1,83,89,坡顶区,10,10,0,1,background_excluded,0.152153108766573,0.4433406397907303,-0.03907954417012749,0.1775591175137405
ps10_v2_p306,5,crest,坡顶区,10,17,1,253,262,99,108,253,262,99,108,256.6041666666667,102.10416666666669,48,0,,ps10_v2_z05_raw_017_001,48,1,83,89,坡顶区,10,10,0,1,background_excluded,0.0856851243780899,0.2561446626264045,0.001521968845932764,0.19334387115703514
ps10_v2_p285,5,crest,坡顶区,10,12,2,202,212,111,118,203,212,109,118,207.9152542372881,114.98305084745763,59,0,ps10_v2_z05_raw_011_002,ps10_v2_z05_raw_012_002,58,2,83,89,坡顶区,10,10,0,1,background_excluded,0.1730377341578652,0.452056753394663,0.0001892794264962094,0.18547011718340206
ps10_v2_p290,5,crest,坡顶区,10,13,2,213,222,109,118,213,222,109,118,217.58333333333331,113.76190476190476,84,0,,ps10_v2_z05_raw_013_002,84,1,83,89,坡顶区,10,10,0,1,background_excluded,0.21832031370384833,0.557233144594101,-0.010048719270882247,0.19824568332568226
ps10_v2_p295,5,crest,坡顶区,10,14,2,223,232,109,118,223,232,109,118,227.5056179775281,113.4494382022472,89,0,,ps10_v2_z05_raw_014_002,89,1,83,89,坡顶区,10,10,0,1,background_excluded,0.21632514222191015,0.5437286995786518,-0.014684776534720584,0.19737727065968877
ps10_v2_p300,5,crest,坡顶区,10,15,2,233,242,109,118,233,242,109,118,237.27710843373492,113.24096385542168,83,0,,ps10_v2_z05_raw_015_002,83,1,83,89,坡顶区,10,10,0,1,background_excluded,0.18166266475588483,0.4991708382808989,-0.033325235464637865,0.16978583947652592
ps10_v2_p304,5,crest,坡顶区,10,16,2,243,251,109,116,243,252,109,118,246.0487804878049,111.7560975609756,41,0,,ps10_v2_z05_raw_016_002,41,1,83,89,坡顶区,10,10,0,1,background_excluded,0.11453925556751403,0.31573719013202245,-0.021972250442252827,0.1575611830290967
ps10_v2_p276,5,crest,坡顶区,10,10,3,184,192,123,128,183,192,119,128,188.35294117647055,126.11764705882354,17,0,,ps10_v2_z05_raw_010_003,17,1,83,89,坡顶区,10,10,0,1,background_excluded,0.17272820058089886,0.39259749932584276,0.0007191043676431966,0.16465535194471456
ps10_v2_p281,5,crest,坡顶区,10,11,3,193,202,119,128,193,202,119,128,197.9189189189189,124.41891891891892,74,0,,ps10_v2_z05_raw_011_003,74,1,83,89,坡顶区,10,10,0,1,background_excluded,0.18517042281883425,0.4709990884016853,-0.006714263573831884,0.17940012045421247
ps10_v2_p286,5,crest,坡顶区,10,12,3,203,212,119,128,203,212,119,128,207.45555555555555,123.45555555555556,90,0,,ps10_v2_z05_raw_012_003,90,1,83,89,坡顶区,10,10,0,1,background_excluded,0.22505274477613763,0.5596754045674157,-0.009348612470171463,0.18370960750181822
ps10_v2_p291,5,crest,坡顶区,10,13,3,213,222,119,128,213,222,119,128,217.47191011235955,123.5505617977528,89,0,,ps10_v2_z05_raw_013_003,89,1,83,89,坡顶区,10,10,0,1,background_excluded,0.22975191819224722,0.5601881103609551,-0.01985952763502536,0.1878004158303166
ps10_v2_p296,5,crest,坡顶区,10,14,3,223,232,119,128,223,232,119,128,227.1904761904762,123.4404761904762,84,0,,ps10_v2_z05_raw_014_003,84,1,83,89,坡顶区,10,10,0,1,background_excluded,0.1898805546977528,0.4926932864199438,-0.032481246153221996,0.1893505507728318
ps10_v2_p301,5,crest,坡顶区,10,15,3,233,241,119,128,233,242,119,128,235.5217391304348,121.0,23,0,,ps10_v2_z05_raw_015_003,23,1,83,89,坡顶区,10,10,0,1,background_excluded,0.13028495374705057,0.34349046841292136,-0.04451419111691815,0.17407488377324437
ps10_v2_p271,5,crest,坡顶区,10,9,4,173,182,130,138,173,182,129,138,178.0,134.48717948717947,39,0,,ps10_v2_z05_raw_009_004,39,1,83,89,坡顶区,10,10,0,1,background_excluded,0.14086190747942415,0.35061942968820226,-0.027171078748899007,0.17455335917187428
ps10_v2_p277,5,crest,坡顶区,10,10,4,183,192,129,138,183,192,129,138,188.19117647058823,134.25,68,0,,ps10_v2_z05_raw_010_004,68,1,83,89,坡顶区,10,10,0,1,background_excluded,0.20915428493223312,0.5259831470323034,-0.018890940564808105,0.20939278217864904
ps10_v2_p282,5,crest,坡顶区,10,11,4,193,202,129,138,193,202,129,138,197.4659090909091,133.5681818181818,88,0,,ps10_v2_z05_raw_011_004,88,1,83,89,坡顶区,10,10,0,1,background_excluded,0.22744747885616573,0.5597708138300561,-0.02334777378706203,0.20835010755180508
ps10_v2_p287,5,crest,坡顶区,10,12,4,203,212,129,138,203,212,129,138,207.5058823529412,133.5529411764706,85,0,,ps10_v2_z05_raw_012_004,85,1,83,89,坡顶区,10,10,0,1,background_excluded,0.22813178993702246,0.5561797834185394,-0.024330446221096032,0.1973479582683633
ps10_v2_p292,5,crest,坡顶区,10,13,4,213,222,129,139,213,222,129,138,216.8428571428572,132.72857142857143,70,0,ps10_v2_z05_raw_013_005,ps10_v2_z05_raw_013_004,69,2,83,89,坡顶区,10,10,0,1,background_excluded,0.17620355197893256,0.4540529712851124,-0.02486414292095281,0.1886257245484676
ps10_v2_p297,5,crest,坡顶区,10,14,4,223,232,129,133,223,232,129,138,226.44,130.4,25,0,,ps10_v2_z05_raw_014_004,25,1,83,89,坡顶区,10,10,0,1,background_excluded,0.0913017061380618,0.2549438202247191,-0.051666051614261126,0.1514660378392542
ps10_v2_p262,5,crest,坡顶区,10,7,5,154,162,143,148,153,162,139,148,158.9047619047619,146.47619047619048,21,0,,ps10_v2_z05_raw_007_005,21,1,83,89,坡顶区,10,10,0,1,background_excluded,0.14373543909101125,0.4081059519803371,-0.027145542749270606,0.13345589244277398
ps10_v2_p267,5,crest,坡顶区,10,8,5,163,172,136,148,163,172,139,148,168.07407407407408,143.2962962962963,54,0,ps10_v2_z05_raw_008_004,ps10_v2_z05_raw_008_005,50,2,83,89,坡顶区,10,10,0,1,background_excluded,0.16459432437289326,0.43669371634269666,-0.0015091253175736966,0.17670634417024628
ps10_v2_p272,5,crest,坡顶区,10,9,5,173,182,139,148,173,182,139,148,177.81927710843374,143.85542168674698,83,0,,ps10_v2_z05_raw_009_005,83,1,83,89,坡顶区,10,10,0,1,background_excluded,0.2233828983697612,0.5534553941769663,-0.02341960207556775,0.21300418313299305
ps10_v2_p278,5,crest,坡顶区,10,10,5,183,192,139,148,183,192,139,148,187.4823529411765,143.4470588235294,85,0,,ps10_v2_z05_raw_010_005,85,1,83,89,坡顶区,10,10,0,1,background_excluded,0.23173355720262642,0.563830145735955,-0.03207224411190269,0.22113255726086647
ps10_v2_p283,5,crest,坡顶区,10,11,5,193,202,139,148,193,202,139,148,197.36470588235292,143.4470588235294,85,0,,ps10_v2_z05_raw_011_005,85,1,83,89,坡顶区,10,10,0,1,background_excluded,0.22472243688698032,0.5534864594241573,-0.03272517290234189,0.21033146854764057
ps10_v2_p288,5,crest,坡顶区,10,12,5,203,214,139,155,203,212,139,148,206.7183098591549,144.0281690140845,71,0,ps10_v2_z05_raw_012_006|ps10_v2_z05_raw_013_006,ps10_v2_z05_raw_012_005,60,3,83,89,坡顶区,10,10,0,1,background_excluded,0.14714236132613762,0.3762264584620787,-0.059411020358786454,0.1817524219356615
ps10_v2_p257,5,crest,坡顶区,10,6,6,143,152,149,158,143,152,149,158,148.42592592592592,154.57407407407408,54,0,,ps10_v2_z05_raw_006_006,54,1,83,89,坡顶区,10,10,0,1,background_excluded,0.1589534671323315,0.4121670830491573,-0.021090613178652726,0.09726480214651528
ps10_v2_p263,5,crest,坡顶区,10,7,6,153,162,149,158,153,162,149,158,157.13636363636363,153.84848484848484,66,0,,ps10_v2_z05_raw_007_006,66,1,83,89,坡顶区,10,10,0,1,background_excluded,0.15508376484919942,0.40506894432443824,-0.034840509690387704,0.10390467740925137
ps10_v2_p268,5,crest,坡顶区,10,8,6,163,172,149,158,163,172,149,158,167.36046511627907,153.48837209302326,86,0,,ps10_v2_z05_raw_008_006,86,1,83,89,坡顶区,10,10,0,1,background_excluded,0.2163102623682303,0.5427717537092697,-0.036762591493961,0.16807956996377757
ps10_v2_p273,5,crest,坡顶区,10,9,6,173,182,149,158,173,182,149,158,177.42222222222222,153.46666666666667,90,0,,ps10_v2_z05_raw_009_006,90,1,83,89,坡顶区,10,10,0,1,background_excluded,0.22517815399223315,0.5560705343047754,-0.034131262231651666,0.19881509872819472
ps10_v2_p279,5,crest,坡顶区,10,10,6,183,192,149,158,183,192,149,158,187.5,153.3875,80,0,,ps10_v2_z05_raw_010_006,80,1,83,89,坡顶区,10,10,0,1,background_excluded,0.22029690741082866,0.5528265449438202,-0.042943797159806174,0.20370870626331544
ps10_v2_p284,5,crest,坡顶区,10,11,6,193,205,149,160,193,202,149,158,196.3469387755102,152.81632653061226,49,0,ps10_v2_z05_raw_012_007,ps10_v2_z05_raw_011_006,47,2,83,89,坡顶区,10,10,0,1,background_excluded,0.12726877484859553,0.3359321281516854,-0.08547804642152608,0.16957555608503888
ps10_v2_p236,5,crest,坡顶区,10,1,7,83,102,152,170,93,102,159,168,97.77272727272728,162.22727272727272,44,0,ps10_v2_z05_raw_000_006|ps10_v2_z05_raw_001_006|ps10_v2_z05_raw_001_008,ps10_v2_z05_raw_001_007,39,4,83,89,坡顶区,10,10,0,1,background_excluded,0.05917964822265449,0.1570480082514045,0.13693667178956143,0.08360827356366415
ps10_v2_p239,5,crest,坡顶区,10,2,7,103,112,162,168,103,112,159,168,106.83783783783784,166.0,37,0,,ps10_v2_z05_raw_002_007,37,1,83,89,坡顶区,10,10,0,1,background_excluded,0.08322060671976123,0.25106285928651684,0.13449689254887098,0.07453557831241259
ps10_v2_p246,5,crest,坡顶区,10,4,7,124,132,163,168,123,132,159,168,129.19354838709677,166.16129032258064,31,0,,ps10_v2_z05_raw_004_007,31,1,83,89,坡顶区,10,10,0,1,background_excluded,0.21328864181306176,0.5493838290842696,-0.03620612738884719,0.07609192298221878
ps10_v2_p252,5,crest,坡顶区,10,5,7,133,142,156,168,133,142,159,168,137.9879518072289,163.13253012048193,83,0,ps10_v2_z05_raw_005_006,ps10_v2_z05_raw_005_007,75,2,83,89,坡顶区,10,10,0,1,background_excluded,0.16965162144512644,0.44740760636938215,-0.031168607447626867,0.08256553893776133
ps10_v2_p258,5,crest,坡顶区,10,6,7,143,152,159,168,143,152,159,168,147.57894736842104,163.51315789473685,76,0,,ps10_v2_z05_raw_006_007,76,1,83,89,坡顶区,10,10,0,1,background_excluded,0.15534451297348315,0.4112026904985954,-0.025218330416919267,0.0690149801487278
ps10_v2_p264,5,crest,坡顶区,10,7,7,153,162,159,168,153,162,159,168,157.59302325581396,163.5,86,0,,ps10_v2_z05_raw_007_007,86,1,83,89,坡顶区,10,10,0,1,background_excluded,0.22268509037044945,0.5565064015575842,-0.04562658122578035,0.12151548965092156
ps10_v2_p269,5,crest,坡顶区,10,8,7,163,172,159,168,163,172,159,168,167.53488372093022,163.54651162790697,86,0,,ps10_v2_z05_raw_008_007,86,1,83,89,坡顶区,10,10,0,1,background_excluded,0.21981203592202248,0.5496309132261236,-0.03776895545388229,0.13633689180802
ps10_v2_p274,5,crest,坡顶区,10,9,7,173,182,159,168,173,182,159,168,177.39240506329114,163.36708860759492,79,0,,ps10_v2_z05_raw_009_007,79,1,83,89,坡顶区,10,10,0,1,background_excluded,0.20370599881202248,0.5285165692289326,-0.05076640946418552,0.1416986966807529
ps10_v2_p280,5,crest,坡顶区,10,10,7,183,191,159,165,183,192,159,168,185.80555555555557,161.36111111111111,36,0,,ps10_v2_z05_raw_010_007,36,1,83,89,坡顶区,10,10,0,1,background_excluded,0.1444463175255618,0.3999687896797752,-0.071342360003291,0.14304590423408545
ps10_v2_p240,5,crest,坡顶区,10,2,8,104,112,169,178,103,112,169,178,108.88,173.08,50,0,,ps10_v2_z05_raw_002_008,50,1,83,89,坡顶区,10,10,0,1,background_excluded,0.08455069569355336,0.2449438202247191,0.04465399752619444,0.02894680483867635
ps10_v2_p242,5,crest,坡顶区,10,3,8,113,122,167,178,113,122,169,178,117.20224719101124,173.51685393258427,89,0,ps10_v2_z05_raw_003_007,ps10_v2_z05_raw_003_008,85,2,83,89,坡顶区,10,10,0,1,background_excluded,0.15096024356294943,0.4355037227036517,0.003782245012601298,0.06870195509472544
ps10_v2_p247,5,crest,坡顶区,10,4,8,123,132,169,178,123,132,169,178,127.67647058823528,173.13235294117646,68,0,,ps10_v2_z05_raw_004_008,68,1,83,89,坡顶区,10,10,0,1,background_excluded,0.13835712092169944,0.3829932257851123,-0.021869059576767078,0.0682210630526506
ps10_v2_p253,5,crest,坡顶区,10,5,8,133,142,169,178,133,142,169,178,137.57333333333332,173.69333333333333,75,0,,ps10_v2_z05_raw_005_008,75,1,83,89,坡顶区,10,10,0,1,background_excluded,0.13315242648983147,0.3804868913792135,-0.03213204415334757,0.048438717320092396
ps10_v2_p259,5,crest,坡顶区,10,6,8,143,152,169,178,143,152,169,178,147.56976744186048,173.40697674418604,86,0,,ps10_v2_z05_raw_006_008,86,1,83,89,坡顶区,10,10,0,1,background_excluded,0.21260341944262642,0.549663576619382,-0.03689465559484933,0.09810104208721049
ps10_v2_p265,5,crest,坡顶区,10,7,8,153,162,169,178,153,162,169,178,157.6829268292683,173.47560975609755,82,0,,ps10_v2_z05_raw_007_008,82,1,83,89,坡顶区,10,10,0,1,background_excluded,0.20807528788616575,0.5501507288328652,-0.05137769665602036,0.09539761330755181
ps10_v2_p270,5,crest,坡顶区,10,8,8,163,172,169,182,163,172,169,178,166.82954545454547,174.10227272727272,88,0,ps10_v2_z05_raw_008_009,ps10_v2_z05_raw_008_008,77,2,83,89,坡顶区,10,10,0,1,background_excluded,0.17375694932991573,0.4739849337738764,-0.05715393536032525,0.0919564757604386
ps10_v2_p275,5,crest,坡顶区,10,9,8,173,178,169,174,173,182,169,178,175.15,170.75,20,0,,ps10_v2_z05_raw_009_008,20,1,83,89,坡顶区,10,10,0,1,background_excluded,0.10772214149536516,0.3220505617977528,-0.06559563125814986,0.12127366171393072
ps10_v2_p237,5,crest,坡顶区,10,1,9,93,102,180,188,93,102,179,188,99.47619047619048,185.3809523809524,21,0,,ps10_v2_z05_raw_001_009,21,1,83,89,坡顶区,10,10,0,1,background_excluded,0.05576043659578653,0.15884163200842696,0.04999951609256534,0.10676208733702658
ps10_v2_p241,5,crest,坡顶区,10,2,9,103,112,179,195,103,112,179,188,107.4125,184.3,80,0,ps10_v2_z05_raw_002_010,ps10_v2_z05_raw_002_009,70,2,83,89,坡顶区,10,10,0,1,background_excluded,0.10100399063700845,0.29634831460674155,-0.0032732451966120497,0.051680198507905846
ps10_v2_p243,5,crest,坡顶区,10,3,9,113,122,179,188,113,122,179,188,117.55882352941175,182.64705882352945,34,0,,ps10_v2_z05_raw_003_009,34,1,83,89,坡顶区,10,10,0,1,background_excluded,0.09180481766671347,0.23839227283707862,-0.019537869772028024,0.04480658713944067
ps10_v2_p248,5,crest,坡顶区,10,4,9,123,132,179,188,123,132,179,188,127.83333333333331,183.6060606060606,66,0,,ps10_v2_z05_raw_004_009,66,1,83,89,坡顶区,10,10,0,1,background_excluded,0.12206906352598314,0.35808222443258425,-0.030428662846174678,0.028522443354713586
ps10_v2_p254,5,crest,坡顶区,10,5,9,133,142,179,188,133,142,179,188,137.425,183.525,80,0,,ps10_v2_z05_raw_005_009,80,1,83,89,坡顶区,10,10,0,1,background_excluded,0.18097176566550563,0.5086551966292135,-0.043502443938738325,0.07061681426409663
ps10_v2_p260,5,crest,坡顶区,10,6,9,143,152,179,188,143,152,179,188,147.46835443037975,183.45569620253164,79,0,,ps10_v2_z05_raw_006_009,79,1,83,89,坡顶区,10,10,0,1,background_excluded,0.16985052902827247,0.4959465221418539,-0.0479993833392566,0.06372872233899105
ps10_v2_p266,5,crest,坡顶区,10,7,9,153,162,179,192,153,162,179,188,156.57894736842104,183.8421052631579,76,0,ps10_v2_z05_raw_007_010,ps10_v2_z05_raw_007_009,67,2,83,89,坡顶区,10,10,0,1,background_excluded,0.15728488647376404,0.44954908421207856,-0.04679550493708236,0.07713375045755928
ps10_v2_p235,5,crest,坡顶区,10,0,10,87,95,186,229,83,92,189,198,90.625,194.5,24,0,ps10_v2_z05_raw_000_009|ps10_v2_z05_raw_000_011|ps10_v2_z05_raw_001_011|ps10_v2_z05_raw_001_014,ps10_v2_z05_raw_000_010,15,5,83,89,坡顶区,10,10,0,1,background_excluded,0.0354142285877809,0.0740870793735955,0.14558213436164655,0.02056436233317183
ps10_v2_p238,5,crest,坡顶区,10,1,10,93,102,189,198,93,102,189,198,97.1086956521739,192.2826086956522,46,0,,ps10_v2_z05_raw_001_010,46,1,83,89,坡顶区,10,10,0,1,background_excluded,0.048509574175702244,0.1288470918960674,0.14264747228625574,0.06770658217116936
ps10_v2_p244,5,crest,坡顶区,10,3,10,113,122,189,198,113,122,189,198,119.36111111111111,193.61111111111111,36,0,,ps10_v2_z05_raw_003_010,36,1,83,89,坡顶区,10,10,0,1,background_excluded,0.07224402550272471,0.20205212366853934,0.015249018659488349,-0.000661228147513431
ps10_v2_p249,5,crest,坡顶区,10,4,10,123,132,189,198,123,132,189,198,127.15384615384616,192.95384615384611,65,0,,ps10_v2_z05_raw_004_010,65,1,83,89,坡顶区,10,10,0,1,background_excluded,0.12673220445924158,0.37227745173455057,-0.04256471765479141,0.03158282278966773
ps10_v2_p255,5,crest,坡顶区,10,5,10,133,142,189,198,133,142,189,198,137.7391304347826,193.66666666666663,69,0,,ps10_v2_z05_raw_005_010,69,1,83,89,坡顶区,10,10,0,1,background_excluded,0.10756081875011235,0.32734896375,-0.04495493659021086,0.029610256075779905
ps10_v2_p261,5,crest,坡顶区,10,6,10,143,152,189,199,143,152,189,198,146.54545454545453,192.4181818181818,55,0,ps10_v2_z05_raw_006_011,ps10_v2_z05_raw_006_010,54,2,83,89,坡顶区,10,10,0,1,background_excluded,0.14481044133132023,0.4258171582893258,-0.043532061662968,0.06073556816577286
ps10_v2_p245,5,crest,坡顶区,10,3,11,99,122,199,225,113,122,199,208,115.35,206.26666666666668,60,0,ps10_v2_z05_raw_001_013|ps10_v2_z05_raw_002_011|ps10_v2_z05_raw_002_012|ps10_v2_z05_raw_002_013|ps10_v2_z05_raw_003_012,ps10_v2_z05_raw_003_011,43,6,83,89,坡顶区,10,10,0,1,background_excluded,0.06800117521698032,0.1785346455014045,0.008547965932876524,-0.006807530149443469
ps10_v2_p250,5,crest,坡顶区,10,4,11,123,132,199,208,123,132,199,208,127.5609756097561,203.4878048780488,41,0,,ps10_v2_z05_raw_004_011,41,1,83,89,坡顶区,10,10,0,1,background_excluded,0.074932217234691,0.1975541251530899,-0.04198039133677279,0.04110309237980233
ps10_v2_p256,5,crest,坡顶区,10,5,11,133,142,199,208,133,142,199,208,136.47368421052633,201.76315789473685,38,0,,ps10_v2_z05_raw_005_011,38,1,83,89,坡顶区,10,10,0,1,background_excluded,0.0788113801894101,0.24567563483848315,-0.005194810722180656,0.013951755716983963
ps10_v2_p251,5,crest,坡顶区,10,4,12,113,132,209,226,123,132,209,218,126.5,211.94444444444449,18,0,ps10_v2_z05_raw_003_013,ps10_v2_z05_raw_004_012,17,2,83,89,坡顶区,10,10,0,1,background_excluded,0.04487537948202248,0.10221598173314607,-0.02217265692944607,0.04886770650448423
