timestamp,y_true,y_pred,risk_score,warning_level_raw,warning_level,event_flag,Velocity,Acceleration,pred_increment
2018-05-04 20:56:00,100.1085,100.3179681818183,0.013618820157828157,0,0,0,0.691,0.011999999999999629,0.9004681818182974
2018-05-04 21:03:00,100.6525,100.93940681818198,0.010214115118371118,0,0,0,0.544,-1.2599999999999991,0.8309068181819725
2018-05-04 21:10:00,101.114,101.45388409090918,0.007660586338778338,0,0,0,0.4615,-0.7071428571428573,0.8013840909091812
2018-05-04 21:17:00,101.4907,101.8261159090911,0.0057454397540837535,0,0,0,0.3767,-0.7268571428571432,0.7121159090910965
2018-05-04 21:24:00,101.6622,102.06193636363639,0.004309079815562816,0,0,0,0.1715,-1.7588571428571425,0.5712363636363875
2018-05-04 21:31:00,101.8337,102.1228522727275,0.0032318098616721117,0,0,0,0.1715,0.0,0.46065227272750064
2018-05-04 21:38:00,102.037,102.16217954545463,0.002423857396254084,0,0,0,0.2033,0.2725714285714285,0.3284795454546412
2018-05-04 21:45:00,102.2423,102.20986818181834,0.001817893047190563,0,0,0,0.2052,0.016285714285714157,0.1728681818183304
2018-05-04 21:52:00,102.6282,102.24714545454553,0.0013634197853929222,0,0,0,0.3859,1.5488571428571432,0.004845454545531425
2018-05-04 21:59:00,103.1369,102.44129090909105,0.05336962254200135,0,0,0,0.5087,1.0525714285714287,-0.18690909090895502
2018-05-04 22:06:00,103.6144,102.91531363636378,0.04434637264000201,0,0,0,0.4775,-0.26742857142857196,-0.22158636363622009
2018-05-04 22:13:00,103.9968,103.58242500000009,0.03325977948000151,0,0,0,0.3824,-0.8151428571428568,-0.031974999999917486
2018-05-04 22:20:00,104.3792,104.25255454545474,0.024944834610001132,0,0,0,0.3824,0.0,0.2557545454547494
2018-05-04 22:27:00,104.8254,104.85478409090915,0.01870862595750085,0,0,0,0.4461,0.5459999999999998,0.47558409090915177
2018-05-04 22:34:00,105.2786,105.42252727272736,0.014031469468125637,0,0,0,0.4533,0.061714285714285576,0.5971272727273629
2018-05-04 22:41:00,105.6399,105.92447727272737,0.010523602101094227,0,0,0,0.3613,-0.7885714285714283,0.6458772727273754
2018-05-04 22:48:00,105.9262,106.27239545454559,0.007892701575820671,0,0,0,0.2862,-0.6437142857142857,0.632495454545591
2018-05-04 22:55:00,106.2369,106.49599545454558,0.005919526181865503,0,0,0,0.3108,0.21085714285714294,0.5697954545455843
2018-05-04 23:02:00,106.6444,106.67732272727292,0.004439644636399127,0,0,0,0.4074,0.8279999999999996,0.4404227272729173
2018-05-04 23:09:00,107.0518,106.9361090909093,0.0033297334772993455,0,0,0,0.4074,0.0,0.2917090909092934
2018-05-04 23:16:00,107.4828,107.30488863636383,0.002497300107974509,0,0,0,0.431,0.20228571428571437,0.2530886363638274
2018-05-04 23:23:00,107.9178,107.75749318181828,0.001872975080980882,0,0,0,0.435,0.034285714285714315,0.27469318181827873
2018-05-04 23:30:00,108.3622,108.23413636363661,0.0014047313107356614,0,0,0,0.4443,0.0797142857142855,0.31633636363660855
2018-05-04 23:37:00,108.8156,108.7200500000001,0.001053548483051746,0,0,0,0.4534,0.07800000000000044,0.3578500000000986
2018-05-04 23:44:00,109.256,109.23325909090936,0.0007901613622888096,0,0,0,0.4404,-0.11142857142857153,0.4176590909093534
2018-05-04 23:51:00,109.6267,109.75187727272743,0.0005926210217166072,0,0,0,0.3706,-0.5982857142857145,0.49587727272742654
2018-05-04 23:58:00,109.9973,110.187815909091,0.0004444657662874554,0,0,0,0.3706,0.0,0.5611159090910007
2018-05-05 00:05:00,110.5838,110.53654090909097,0.0003333493247155916,0,0,0,0.5865,1.8505714285714288,0.539240909090978
2018-05-05 00:12:00,111.2212,110.99740681818194,0.009092072542126451,0,0,0,0.6375,0.43714285714285656,0.4136068181819468
2018-05-05 00:19:00,111.8545,111.6003795454547,0.011608171072491649,0,0,0,0.6332,-0.0368571428571426,0.3791795454547042
2018-05-05 00:26:00,112.4827,112.30354318181837,0.03037768769556074,0,0,0,0.6283,-0.042000000000000134,0.449043181818368
2018-05-05 00:33:00,113.0604,113.04010000000007,0.022783265771670558,0,0,0,0.5776,-0.4345714285714283,0.5574000000000723
2018-05-05 00:40:00,113.2377,113.74510454545474,0.01708744932875292,0,0,0,0.1774,-3.430285714285714,0.6847045454547356
2018-05-05 00:47:00,113.4151,114.1037068181819,0.012815586996564689,0,0,0,0.1774,0.0,0.8660068181819014
2018-05-05 00:54:00,113.8386,114.22129090909117,0.009611690247423517,0,0,0,0.4235,2.1094285714285714,0.8061909090911712
2018-05-05 01:01:00,114.338,114.37251363636378,0.007208767685567637,0,0,0,0.4994,0.6505714285714288,0.5339136363637778
2018-05-05 01:08:00,114.8834,114.623181818182,0.005406575764175728,0,0,0,0.5454,0.39428571428571413,0.2851818181820107
2018-05-05 01:15:00,115.4932,115.00307272727284,0.08093102368496718,0,0,0,0.6099,0.5528571428571428,0.1196727272728424
2018-05-05 01:22:00,116.1143,115.57591590909108,0.08414121836164001,0,0,0,0.621,0.09514285714285713,0.08271590909107829
2018-05-05 01:29:00,116.8898,116.33861590909112,0.06310591377123001,0,0,0,0.7755,1.324285714285714,0.22431590909111776
2018-05-05 01:36:00,117.6653,117.30012500000016,0.04732943532842251,0,0,0,0.7755,0.0,0.4103250000001708
2018-05-05 01:43:00,118.0636,118.34274090909102,0.03549707649631688,0,0,0,0.3983,-3.233142857142857,0.6774409090910183
2018-05-05 01:50:00,118.3146,119.08682045454562,0.02662280737223766,0,0,0,0.251,-1.2625714285714285,1.0232204545456227
2018-05-05 01:57:00,118.7498,119.43589090909094,0.019967105529178245,0,0,0,0.4352,1.5788571428571425,1.1212909090909449
2018-05-05 02:04:00,119.4977,119.5946545454547,0.014975329146883685,0,0,0,0.7479,2.6802857142857146,0.8448545454547087
2018-05-05 02:11:00,120.2419,119.9775772727274,0.011231496860162764,0,0,0,0.7442,-0.03171428571428603,0.479877272727407
2018-05-05 02:18:00,120.8242,120.58811818181833,0.009063151869363656,0,0,0,0.5823,-1.387714285714285,0.34621818181832964
2018-05-05 02:25:00,121.4064,121.22059545454572,0.05166330284899506,0,0,0,0.5823,0.0,0.39639545454571135
2018-05-05 02:32:00,122.0259,121.8747090909092,0.0387474771367463,0,0,0,0.6195,0.31885714285714295,0.4683090909092016
2018-05-05 02:39:00,122.6634,122.57902500000016,0.029060607852559723,0,0,0,0.6375,0.15428571428571347,0.5531250000001648
2018-05-05 02:46:00,123.2439,123.3198977272729,0.021795455889419793,0,0,0,0.5805,-0.48857142857142805,0.6564977272729067
2018-05-05 02:53:00,123.7065,124.03367045454567,0.016346591917064845,0,0,0,0.4626,-1.0105714285714287,0.7897704545456747
2018-05-05 03:00:00,124.1692,124.55643636363662,0.012259943937798633,0,0,0,0.4626,0.0,0.8499363636366155
2018-05-05 03:07:00,124.4699,124.8746795454548,0.009194957953348975,0,0,0,0.3007,-1.3877142857142857,0.7054795454547929
2018-05-05 03:14:00,124.7669,125.01908636363653,0.006896218465011731,0,0,0,0.297,-0.03171428571428603,0.5491863636365366
2018-05-05 03:21:00,125.3294,125.16217954545456,0.005172163848758798,0,0,0,0.5626,2.2765714285714287,0.39527954545455657
2018-05-05 03:28:00,126.0485,125.55691136363643,0.030001718949644103,0,0,0,0.719,1.3405714285714283,0.22751136363642388
2018-05-05 03:35:00,126.9002,126.19267500000004,0.06840837237866684,0,0,0,0.8518,1.1382857142857146,0.14417500000003258
2018-05-05 03:42:00,128.0918,127.06966818181841,0.22832999891950956,0,0,0,1.1915,2.9117142857142855,0.1694681818184165
2018-05-05 03:49:00,129.2833,128.38260454545477,0.279883897446848,1,0,0,1.1915,0.0,0.29080454545476186
2018-05-05 03:56:00,129.7607,129.9503159090911,0.20991292308513598,0,0,0,0.4775,-6.119999999999999,0.6670159090911056
2018-05-05 04:03:00,130.1866,131.06603409090923,0.157434692313852,0,0,0,0.4258,-0.44314285714285684,1.3053340909092128
2018-05-05 04:10:00,130.7199,131.74142954545474,0.11807601923538899,0,0,0,0.5334,0.922285714285714,1.5548295454547372
2018-05-05 04:17:00,131.3298,132.14582045454563,0.10314650419966467,0,0,0,0.6099,0.6557142857142858,1.4259204545456328
2018-05-05 04:24:00,131.8941,132.43112727272734,0.09439574427019022,0,0,0,0.5643,-0.3908571428571426,1.1013272727273318
2018-05-05 04:31:00,132.3107,132.61042045454562,0.07079680820264267,0,0,0,0.4166,-1.266,0.7163204545456097
2018-05-05 04:38:00,132.7273,132.71666590909098,0.053097606151982,0,0,0,0.4166,0.0,0.4059659090909804
2018-05-05 04:45:00,132.9969,132.90713409090924,0.0398232046139865,0,0,0,0.2696,-1.2600000000000002,0.17983409090922464
2018-05-05 04:52:00,133.2479,133.1066409090912,0.029867403460489876,0,0,0,0.251,-0.15942857142857148,0.10974090909118672
2018-05-05 04:59:00,133.7967,133.36139545454554,0.022400552595367405,0,0,0,0.5488,2.552571428571428,0.1134954545455571
2018-05-05 05:06:00,134.5998,133.91541136363645,0.06762751421407076,0,0,0,0.8031,2.179714285714286,0.11871136363646428
2018-05-05 05:13:00,135.4117,134.74247954545464,0.07017253341719874,0,0,0,0.8119,0.07542857142857073,0.142679545454655
2018-05-05 05:20:00,136.2608,135.61871590909107,0.12344441264631012,0,0,0,0.8491,0.31885714285714295,0.20701590909106926
2018-05-05 05:27:00,137.1099,136.66227727272735,0.15157467761579407,0,0,0,0.8491,0.0,0.40147727272736233
2018-05-05 05:34:00,137.7884,137.81453409090923,0.11368100821184556,0,0,0,0.6785,-1.462285714285714,0.7046340909092237
2018-05-05 05:41:00,138.4351,138.84400909090925,0.08526075615888416,0,0,0,0.6467,-0.272571428571428,1.0556090909092575
2018-05-05 05:48:00,139.1727,139.67449772727292,0.06394556711916312,0,0,0,0.7377,0.7799999999999997,1.239397727272916
2018-05-05 05:55:00,140.0034,140.37452500000018,0.07711801128109758,0,0,0,0.8307,0.7971428571428569,1.2018250000001842
2018-05-05 06:02:00,140.7723,141.0523136363638,0.0791829369758189,0,0,0,0.7689,-0.5297142857142854,1.0489136363638067
2018-05-05 06:09:00,141.1797,141.65218636363653,0.05938720273186417,0,0,0,0.4074,-3.0985714285714288,0.8798863636365297
2018-05-05 06:16:00,141.5872,141.99952727272753,0.04454040204889813,0,0,0,0.4074,0.0,0.8198272727275366
2018-05-05 06:23:00,142.0827,142.28433409090934,0.03340530153667359,0,0,0,0.4955,0.7551428571428572,0.6971340909093442
2018-05-05 06:30:00,142.6005,142.6228295454548,0.025053976152505195,0,0,0,0.5178,0.1911428571428575,0.5401295454548176
2018-05-05 06:37:00,143.2562,143.0046181818183,0.018790482114378896,0,0,0,0.6557,1.1819999999999993,0.4041181818182906
2018-05-05 06:44:00,144.0808,143.54531590909113,0.08763884571299937,0,0,0,0.8246,1.4477142857142862,0.28911590909112306
2018-05-05 06:51:00,144.9628,144.31725681818196,0.10878063459057762,0,0,0,0.882,0.49200000000000005,0.2364568181819493
2018-05-05 06:58:00,146.3549,145.2635954545456,0.28431960895686464,1,0,0,1.3921,4.372285714285713,0.3007954545456073
2018-05-05 07:05:00,147.747,146.7316659090911,0.32979363870529976,1,1,0,1.3921,0.0,0.3767659090911195
2018-05-05 07:12:00,149.6296,148.52888636363662,0.37434055994931875,1,1,0,1.4825,0.7748571428571431,0.7818863636366018
2018-05-05 07:19:00,151.6731,150.81309772727283,0.41155529310024835,1,1,0,1.5044,0.18771428571428597,1.1834977272728224
2018-05-05 07:26:00,153.2911,153.36920909090924,0.5622179703587563,2,1,0,1.618,0.973714285714287,1.696109090909232
2018-05-05 07:33:00,154.2825,155.59903181818194,0.43039740357384276,1,1,0,0.9914,-5.370857142857144,2.3079318181819417
2018-05-05 07:40:00,155.2982,157.08461818181843,0.5261523459950828,2,1,0,1.0157,0.20828571428571513,2.802118181818429
2018-05-05 07:47:00,156.7215,158.03169090909114,0.6069425220317471,2,1,0,1.4233,3.4937142857142853,2.733490909091131
2018-05-05 07:54:00,158.1448,158.9113863636365,0.6138017421226029,2,2,0,1.4233,0.0,2.1898863636365036
2018-05-05 08:01:00,159.3266,159.81297954545474,0.5345476455475855,2,2,0,1.1819,-2.0691428571428574,1.6681795454547341
2018-05-05 08:08:00,160.4088,160.62553863636376,0.4893304779700109,2,2,0,1.0822,-0.8545714285714276,1.2989386363637436
2018-05-05 08:15:00,161.3113,161.39917500000007,0.37089822256708677,1,2,0,0.9025,-1.540285714285715,0.9903750000000571
2018-05-05 08:22:00,161.8936,162.18215454545472,0.28035763737332475,1,2,0,0.8523,-0.4302857142857145,0.8708545454547334
2018-05-05 08:29:00,162.4781,162.74637045454563,0.21026822802999356,0,2,0,0.8545,0.018857142857143634,0.8527704545456345
2018-05-05 08:36:00,163.2628,163.2981136363637,0.15770117102249517,0,1,0,0.7847,-0.598285714285715,0.820013636363683
2018-05-05 08:43:00,164.0475,163.92066363636374,0.11827587826687139,0,1,0,0.7847,0.0,0.6578636363637429
2018-05-05 08:50:00,165.2165,164.4793772727276,0.17647682798224035,0,1,0,1.169,3.2940000000000005,0.4318772727275757
2018-05-05 08:57:00,166.5809,165.3139227272729,0.27688547046745154,1,1,0,1.3644,1.674857142857143,0.09742272727291379
2018-05-05 09:04:00,167.9279,166.67229090909115,0.2948542795837035,1,1,0,1.347,-0.14914285714285785,0.09139090909113179
2018-05-05 09:11:00,169.2371,168.42940681818203,0.32402595258497346,1,1,0,1.3092,-0.32400000000000045,0.5015068181820368
2018-05-05 09:18:00,170.5463,170.2770295454548,0.3464828463212431,1,1,0,1.3092,0.0,1.039929545454811
2018-05-05 09:25:00,171.7641,172.0440090909093,0.28045111801497197,1,1,0,1.2178,-0.7834285714285708,1.4977090909092965
2018-05-05 09:32:00,172.9787,173.6007204545455,0.33865651712547895,1,1,0,1.2146,-0.027428571428572215,1.836620454545482
2018-05-05 09:39:00,174.5679,174.9015681818184,0.4996690628752168,2,1,0,1.5891,3.2100000000000004,1.9228681818183873
2018-05-05 09:46:00,176.3885,176.25220909090933,0.5705342987216447,2,1,0,1.6207,0.27085714285714346,1.6843090909093235
2018-05-05 09:53:00,178.1424,177.8708204545456,0.628601907233897,2,2,0,1.7539,1.1417142857142855,1.4823204545456008
2018-05-05 10:00:00,179.7154,179.65356363636377,0.6090014461688422,2,2,0,1.573,-1.5505714285714292,1.5111636363637615
2018-05-05 10:07:00,181.2884,181.3903272727276,0.6371367820617196,2,2,0,1.573,0.0,1.674927272727615
2018-05-05 10:14:00,182.737,183.15011590909108,0.5463627284251601,2,2,0,1.4486,-1.066285714285713,1.8617159090910889
2018-05-05 10:21:00,184.175,184.76105000000024,0.5719760321298295,2,2,0,1.438,-0.09085714285714427,2.024050000000244
2018-05-05 10:28:00,185.7471,186.19170681818204,0.5904636343713305,2,2,0,1.572,1.1485714285714295,2.01670681818203
2018-05-05 10:35:00,187.419,187.58306136363655,0.6377006564832479,2,2,0,1.6719,0.8562857142857132,1.8359613636365566
2018-05-05 10:42:00,189.3163,189.03161818181843,0.7046237308012756,3,2,0,1.8973,1.9320000000000004,1.6126181818184193
2018-05-05 10:49:00,191.9913,190.703363636364,1.0,3,2,0,2.675,6.665999999999999,1.3870636363639903
2018-05-05 10:56:00,194.6663,193.1771454545459,1.0,3,2,0,2.675,0.0,1.1858454545458983
2018-05-05 11:03:00,196.7979,196.2460000000002,0.8867176037436696,3,3,0,2.1316,-4.657714285714283,1.5797000000002015
2018-05-05 11:10:00,198.8529,199.18220909090925,0.9191561514638952,3,3,0,2.055,-0.6565714285714286,2.3843090909092552
2018-05-05 11:17:00,200.6792,201.78891818181833,0.9493353890426325,3,3,0,1.9863,-0.5888571428571446,2.9360181818183264
2018-05-05 11:24:00,202.3013,203.87990909090936,0.9859633093822551,3,3,0,1.9622,-0.20657142857142866,3.2007090909093563
2018-05-05 11:31:00,203.7761,205.43306136363654,1.0,3,3,0,1.94748,-0.12617142857142724,3.1317613636365422
2018-05-05 11:38:00,204.5792,206.49090909090924,0.9668279699453071,3,3,0,1.98031,0.28139999999999926,2.7148090909092275
2018-05-05 11:45:00,205.3823,206.80446363636378,0.888679640684786,3,3,0,1.98031,0.0,2.225263636363792
2018-05-05 11:52:00,207.7063,206.78685227272751,0.9172609831262907,3,3,0,2.324,2.9459142857142844,1.4045522727275284
2018-05-05 11:59:00,210.3386,207.89636590909126,0.9039057612118644,3,3,0,2.6323,2.642571428571429,0.19006590909125975
2018-05-05 12:06:00,212.8113,210.21799318181849,0.7724262366855422,3,3,0,2.4727,-1.3679999999999977,-0.1206068181815283
2018-05-05 12:13:00,215.1133,213.34872954545477,0.7194059992328992,3,3,0,2.302,-1.4631428571428577,0.5374295454547848
2018-05-05 12:20:00,217.3834,216.63935681818197,0.7197089097070806,3,3,0,2.2701,-0.2734285714285737,1.5260568181819565
2018-05-05 12:27:00,219.4489,219.77654090909115,0.7710804491500117,3,3,0,2.0655,-1.753714285714283,2.3931409090911586
2018-05-05 12:34:00,221.5144,222.56851818181846,0.9089653727445323,3,3,0,2.0655,0.0,3.1196181818184527
2018-05-05 12:41:00,223.6243,224.93977954545483,1.0,3,3,0,2.1099,0.3805714285714285,3.425379545454831
2018-05-05 12:48:00,225.7463,226.9385954545458,1.0,3,3,0,2.122,0.1037142857142838,3.3142954545457997
2018-05-05 12:55:00,228.0568,228.6280590909092,1.0,3,3,0,2.3105,1.6157142857142885,2.8817590909092132
2018-05-05 13:02:00,230.609,230.24168863636385,1.0,3,3,0,2.5522,2.071714285714284,2.184888636363837
2018-05-05 13:09:00,233.125,232.3146704545458,1.0,3,3,0,2.5159,-0.31114285714285905,1.705670454545782
2018-05-05 13:16:00,235.2735,235.00844090909106,0.9652974023505706,3,3,0,2.1485,-3.1491428571428566,1.883440909091064
2018-05-05 13:23:00,237.422,237.59945454545482,0.9631346345872447,3,3,0,2.1485,0.0,2.325954545454806
2018-05-05 13:30:00,239.7081,239.9818272727276,0.9979656927315429,3,3,0,2.2861,1.1794285714285708,2.5598272727276026
2018-05-05 13:37:00,242.0422,242.28413181818232,1.0,3,3,0,2.3341,0.4114285714285718,2.576031818182315
2018-05-05 13:44:00,244.2629,244.55704772727304,1.0,3,3,0,2.2206,-0.9728571428571404,2.514847727273036
2018-05-05 13:51:00,246.3084,246.68894090909106,1.0,3,3,0,2.0456,-1.5000000000000022,2.426040909091057
2018-05-05 13:58:00,248.3635,248.64533863636385,0.9988468763175418,3,3,0,2.0551,0.08142857142857197,2.33693863636384
2018-05-05 14:05:00,250.6205,250.5340545454548,0.9793295975587683,3,3,0,2.2571,1.731428571428571,2.17055454545482
2018-05-05 14:12:00,252.8776,252.58240909090938,0.9482657894493494,3,3,0,2.2571,0.0,1.961909090909387
2018-05-05 14:19:00,255.0869,254.81414318181854,0.9234873292279978,3,3,0,2.2092,-0.41057142857142714,1.9365431818185357
2018-05-05 14:26:00,257.2753,257.1362409090913,0.9594061772930567,3,3,0,2.1884,-0.1782857142857137,2.0493409090913133
2018-05-05 14:33:00,259.1708,259.4182386363641,0.9049164460788217,3,3,0,1.8955,-2.51057142857143,2.1429386363640788
2018-05-05 14:40:00,260.5184,261.3934886363639,0.8670332422658227,3,3,0,1.3476,-4.696285714285715,2.2226886363638982
2018-05-05 14:47:00,261.866,262.8354318181821,0.8265638742727586,3,3,0,1.3476,0.0,2.3170318181821017
2018-05-05 14:54:00,263.607,263.97448636363663,0.7925455795250523,3,3,1,1.741,3.3720000000000017,2.1084863636366435
