seq_len,pred_len,learning_rate,dropout,resolved_patch_len,resolved_stride,best_epoch,train_samples,val_samples,test_samples,val_mae,val_rmse,val_mse,test_mae,test_rmse,test_mse,blast_test_mae,blast_test_rmse,blast_test_mse,rain_test_mae,rain_test_rmse,rain_test_mse,non_event_test_mae,non_event_test_rmse,non_event_test_mse,checkpoint_path,history_path
24,12,0.0001,0.1,8,8,1,421,117,117,0.05408981814980507,0.0796709349655921,0.006347457878291607,0.1874213069677353,0.4901340275531162,0.24023136496543884,0.14619015157222748,0.244082985749675,0.059576503932476044,0.15366649627685547,0.4238359301151634,0.1796368956565857,0.19629031419754028,0.5134903909904065,0.2636723816394806,/root/autodl-tmp/Time-Series-Library/outputs/slopemine_v2/timefilter_retune/checkpoints/tf_sl24_lr1em04_do0p1_best.pt,/root/autodl-tmp/Time-Series-Library/outputs/slopemine_v2/timefilter_retune/histories/tf_sl24_lr1em04_do0p1_history.csv
24,12,0.0001,0.2,8,8,1,421,117,117,0.05476265773177147,0.08134512113121949,0.00661702873185277,0.19090071320533752,0.4912024434684343,0.24127984046936035,0.15490679442882538,0.26571007375988126,0.07060184329748154,0.16071657836437225,0.4298977077595164,0.1848120391368866,0.198508158326149,0.512794063685361,0.26295775175094604,/root/autodl-tmp/Time-Series-Library/outputs/slopemine_v2/timefilter_retune/checkpoints/tf_sl24_lr1em04_do0p2_best.pt,/root/autodl-tmp/Time-Series-Library/outputs/slopemine_v2/timefilter_retune/histories/tf_sl24_lr1em04_do0p2_history.csv
24,12,0.0001,0.3,8,8,1,421,117,117,0.054859671741724014,0.07984809284194419,0.006375717930495739,0.1972159594297409,0.5096225172257922,0.25971511006355286,0.14628320932388306,0.24593243534345663,0.06048276275396347,0.16138456761837006,0.4319936077143901,0.18661847710609436,0.20720051229000092,0.5360692165434768,0.2873702049255371,/root/autodl-tmp/Time-Series-Library/outputs/slopemine_v2/timefilter_retune/checkpoints/tf_sl24_lr1em04_do0p3_best.pt,/root/autodl-tmp/Time-Series-Library/outputs/slopemine_v2/timefilter_retune/histories/tf_sl24_lr1em04_do0p3_history.csv
24,12,0.0003,0.1,8,8,1,421,117,117,0.05668213218450546,0.0805941938395073,0.006495424080640078,0.16879910230636597,0.47818978562592207,0.22866547107696533,0.11106520891189575,0.17983596307648358,0.03234097361564636,0.14968912303447723,0.4203468301643344,0.1766914576292038,0.1753300279378891,0.5011641242363779,0.2511654794216156,/root/autodl-tmp/Time-Series-Library/outputs/slopemine_v2/timefilter_retune/checkpoints/tf_sl24_lr3em04_do0p1_best.pt,/root/autodl-tmp/Time-Series-Library/outputs/slopemine_v2/timefilter_retune/histories/tf_sl24_lr3em04_do0p1_history.csv
24,12,0.0003,0.2,8,8,1,421,117,117,0.051508765667676926,0.07909960803219339,0.006256747990846634,0.1731785088777542,0.4819982421554074,0.2323223054409027,0.12966333329677582,0.21376157792005537,0.0456940121948719,0.15089403092861176,0.4245479992092125,0.18024100363254547,0.17953775823116302,0.5040976286612326,0.25411441922187805,/root/autodl-tmp/Time-Series-Library/outputs/slopemine_v2/timefilter_retune/checkpoints/tf_sl24_lr3em04_do0p2_best.pt,/root/autodl-tmp/Time-Series-Library/outputs/slopemine_v2/timefilter_retune/histories/tf_sl24_lr3em04_do0p2_history.csv
24,12,0.0003,0.3,8,8,1,421,117,117,0.05322575196623802,0.07968550181688533,0.006349779199808836,0.16773578524589539,0.475918381445366,0.2264983057975769,0.11474849283695221,0.18506737036513973,0.0342499315738678,0.15062430500984192,0.4206699007564154,0.17696316540241241,0.17358821630477905,0.498162932991776,0.2481663078069687,/root/autodl-tmp/Time-Series-Library/outputs/slopemine_v2/timefilter_retune/checkpoints/tf_sl24_lr3em04_do0p3_best.pt,/root/autodl-tmp/Time-Series-Library/outputs/slopemine_v2/timefilter_retune/histories/tf_sl24_lr3em04_do0p3_history.csv
24,12,0.0005,0.1,8,8,1,421,117,117,0.06131710857152939,0.08394014779751911,0.007045948412269354,0.1657939851284027,0.4785855767638475,0.22904415428638458,0.11388517916202545,0.1880142392158399,0.03534935414791107,0.14884772896766663,0.41973670602845664,0.17617890238761902,0.17144057154655457,0.5015969404238303,0.2515994906425476,/root/autodl-tmp/Time-Series-Library/outputs/slopemine_v2/timefilter_retune/checkpoints/tf_sl24_lr5em04_do0p1_best.pt,/root/autodl-tmp/Time-Series-Library/outputs/slopemine_v2/timefilter_retune/histories/tf_sl24_lr5em04_do0p1_history.csv
24,12,0.0005,0.2,8,8,1,421,117,117,0.056984905153512955,0.0816992102323633,0.006674760952591896,0.16612538695335388,0.4799332774995295,0.23033595085144043,0.11173222959041595,0.18069822658524629,0.03265184909105301,0.14660850167274475,0.42105793420219545,0.17728978395462036,0.17264503240585327,0.5031905303359689,0.2532007098197937,/root/autodl-tmp/Time-Series-Library/outputs/slopemine_v2/timefilter_retune/checkpoints/tf_sl24_lr5em04_do0p2_best.pt,/root/autodl-tmp/Time-Series-Library/outputs/slopemine_v2/timefilter_retune/histories/tf_sl24_lr5em04_do0p2_history.csv
24,12,0.0005,0.3,8,8,1,421,117,117,0.057851072400808334,0.08202032175385784,0.006727333180606365,0.1705591380596161,0.48102489321863967,0.23138494789600372,0.11295920610427856,0.18768101140536556,0.03522416204214096,0.1517319679260254,0.4215803000083441,0.17772994935512543,0.17708586156368256,0.5042822270589273,0.2543005645275116,/root/autodl-tmp/Time-Series-Library/outputs/slopemine_v2/timefilter_retune/checkpoints/tf_sl24_lr5em04_do0p3_best.pt,/root/autodl-tmp/Time-Series-Library/outputs/slopemine_v2/timefilter_retune/histories/tf_sl24_lr5em04_do0p3_history.csv
48,12,0.0001,0.1,8,8,1,397,117,117,0.05533856898546219,0.0851227162768313,0.0072458768263459206,0.19740962982177734,0.4958344029433737,0.24585175514221191,0.1456669270992279,0.22390921556807544,0.05013533681631088,0.16338182985782623,0.42291176523772755,0.17885436117649078,0.20712117850780487,0.5215098914143746,0.27197256684303284,/root/autodl-tmp/Time-Series-Library/outputs/slopemine_v2/timefilter_retune/checkpoints/tf_sl48_lr1em04_do0p1_best.pt,/root/autodl-tmp/Time-Series-Library/outputs/slopemine_v2/timefilter_retune/histories/tf_sl48_lr1em04_do0p1_history.csv
48,12,0.0001,0.2,8,8,2,397,117,117,0.05677817761898041,0.08592082262773455,0.007382387761026621,0.19007232785224915,0.4933533258135216,0.24339750409126282,0.13795161247253418,0.20951604504926863,0.04389697313308716,0.16105340421199799,0.4174058457098658,0.17422764003276825,0.19881395995616913,0.5200553201171313,0.27045753598213196,/root/autodl-tmp/Time-Series-Library/outputs/slopemine_v2/timefilter_retune/checkpoints/tf_sl48_lr1em04_do0p2_best.pt,/root/autodl-tmp/Time-Series-Library/outputs/slopemine_v2/timefilter_retune/histories/tf_sl48_lr1em04_do0p2_history.csv
48,12,0.0001,0.3,8,8,2,397,117,117,0.05714862793684006,0.08752039709941971,0.007659819908440113,0.19523140788078308,0.4946017469686483,0.24463088810443878,0.13783814013004303,0.21142445094723028,0.044700298458337784,0.165677011013031,0.42211121551151953,0.1781778782606125,0.20436479151248932,0.520571019555802,0.2709941864013672,/root/autodl-tmp/Time-Series-Library/outputs/slopemine_v2/timefilter_retune/checkpoints/tf_sl48_lr1em04_do0p3_best.pt,/root/autodl-tmp/Time-Series-Library/outputs/slopemine_v2/timefilter_retune/histories/tf_sl48_lr1em04_do0p3_history.csv
48,12,0.0003,0.1,8,8,1,397,117,117,0.0562920868396759,0.0844709666309173,0.007135344203561544,0.18250823020935059,0.4802114526588042,0.23060303926467896,0.1219700276851654,0.1810883154395113,0.03279297798871994,0.15768572688102722,0.42103903561839173,0.17727386951446533,0.1907128244638443,0.5035798841953072,0.25359269976615906,/root/autodl-tmp/Time-Series-Library/outputs/slopemine_v2/timefilter_retune/checkpoints/tf_sl48_lr3em04_do0p1_best.pt,/root/autodl-tmp/Time-Series-Library/outputs/slopemine_v2/timefilter_retune/histories/tf_sl48_lr3em04_do0p1_history.csv
48,12,0.0003,0.2,8,8,1,397,117,117,0.057380132377147675,0.08578639672079338,0.007359305862337351,0.19072091579437256,0.4937534398550614,0.24379245936870575,0.1366475373506546,0.21005111354702066,0.04412147030234337,0.154896080493927,0.41913241318820177,0.17567197978496552,0.2011716663837433,0.5201061481102177,0.27051040530204773,/root/autodl-tmp/Time-Series-Library/outputs/slopemine_v2/timefilter_retune/checkpoints/tf_sl48_lr3em04_do0p2_best.pt,/root/autodl-tmp/Time-Series-Library/outputs/slopemine_v2/timefilter_retune/histories/tf_sl48_lr3em04_do0p2_history.csv
48,12,0.0003,0.3,8,8,7,397,117,117,0.04473011940717697,0.08011731491376323,0.006418784148991108,0.16599054634571075,0.4711170987847954,0.22195132076740265,0.10623123496770859,0.1623787996495076,0.02636687457561493,0.1434500813484192,0.42355909466792346,0.17940230667591095,0.17351852357387543,0.49195636892983297,0.24202106893062592,/root/autodl-tmp/Time-Series-Library/outputs/slopemine_v2/timefilter_retune/checkpoints/tf_sl48_lr3em04_do0p3_best.pt,/root/autodl-tmp/Time-Series-Library/outputs/slopemine_v2/timefilter_retune/histories/tf_sl48_lr3em04_do0p3_history.csv
48,12,0.0005,0.1,8,8,8,397,117,117,0.04599114507436752,0.07967727632948471,0.006348468363285065,0.17971718311309814,0.48130700405437116,0.23165643215179443,0.11127573251724243,0.16618903023566534,0.02761879377067089,0.15028585493564606,0.42994898729135206,0.1848561316728592,0.18939316272735596,0.5032190768031111,0.25322943925857544,/root/autodl-tmp/Time-Series-Library/outputs/slopemine_v2/timefilter_retune/checkpoints/tf_sl48_lr5em04_do0p1_best.pt,/root/autodl-tmp/Time-Series-Library/outputs/slopemine_v2/timefilter_retune/histories/tf_sl48_lr5em04_do0p1_history.csv
48,12,0.0005,0.2,8,8,1,397,117,117,0.05869953706860542,0.08322524596032134,0.006926441565155983,0.169646754860878,0.4732312417269984,0.22394780814647675,0.10993821173906326,0.16057443683839692,0.025784149765968323,0.15311606228351593,0.41931159451191174,0.1758222132921219,0.17574383318424225,0.4956661844880778,0.24568496644496918,/root/autodl-tmp/Time-Series-Library/outputs/slopemine_v2/timefilter_retune/checkpoints/tf_sl48_lr5em04_do0p2_best.pt,/root/autodl-tmp/Time-Series-Library/outputs/slopemine_v2/timefilter_retune/histories/tf_sl48_lr5em04_do0p2_history.csv
48,12,0.0005,0.3,8,8,8,397,117,117,0.051868584007024765,0.07554346771702716,0.005706815514713526,0.16015002131462097,0.4707396243811207,0.22159579396247864,0.08891253173351288,0.13049894486015362,0.01702997460961342,0.13907089829444885,0.4252484513994083,0.1808362454175949,0.1680857092142105,0.4917462656948879,0.24181438982486725,/root/autodl-tmp/Time-Series-Library/outputs/slopemine_v2/timefilter_retune/checkpoints/tf_sl48_lr5em04_do0p3_best.pt,/root/autodl-tmp/Time-Series-Library/outputs/slopemine_v2/timefilter_retune/histories/tf_sl48_lr5em04_do0p3_history.csv
96,12,0.0001,0.1,8,8,8,349,117,117,0.05753980204463005,0.08529074824320827,0.007274511735886335,0.15915605425834656,0.4704616924657316,0.22133420407772064,0.07919435203075409,0.1156235443487555,0.013368804007768631,0.13820479810237885,0.41850613425030714,0.1751473844051361,0.16766774654388428,0.4931765262048558,0.24322308599948883,/root/autodl-tmp/Time-Series-Library/outputs/slopemine_v2/timefilter_retune/checkpoints/tf_sl96_lr1em04_do0p1_best.pt,/root/autodl-tmp/Time-Series-Library/outputs/slopemine_v2/timefilter_retune/histories/tf_sl96_lr1em04_do0p1_history.csv
96,12,0.0001,0.2,8,8,7,349,117,117,0.05677851289510727,0.0863607614629194,0.007458181120455265,0.16559216380119324,0.47431657338350525,0.22497621178627014,0.09513559192419052,0.139168461334293,0.01936786063015461,0.14139434695243835,0.419708144332771,0.17615492641925812,0.17411726713180542,0.4973032916861987,0.2473105639219284,/root/autodl-tmp/Time-Series-Library/outputs/slopemine_v2/timefilter_retune/checkpoints/tf_sl96_lr1em04_do0p2_best.pt,/root/autodl-tmp/Time-Series-Library/outputs/slopemine_v2/timefilter_retune/histories/tf_sl96_lr1em04_do0p2_history.csv
96,12,0.0001,0.3,8,8,5,349,117,117,0.05873490869998932,0.0884017967381489,0.007814877666532993,0.17090046405792236,0.47706536824191126,0.2275913655757904,0.09006095677614212,0.12813655492967896,0.016418976709246635,0.14574265480041504,0.4219244115644654,0.17802020907402039,0.18035727739334106,0.5004665463077788,0.2504667639732361,/root/autodl-tmp/Time-Series-Library/outputs/slopemine_v2/timefilter_retune/checkpoints/tf_sl96_lr1em04_do0p3_best.pt,/root/autodl-tmp/Time-Series-Library/outputs/slopemine_v2/timefilter_retune/histories/tf_sl96_lr1em04_do0p3_history.csv
96,12,0.0003,0.1,8,8,8,349,117,117,0.05580762028694153,0.07845782968762022,0.00615563103929162,0.16043025255203247,0.4659532721118753,0.2171124517917633,0.07173046469688416,0.10141376002470616,0.01028475072234869,0.1416434645652771,0.42335937877316426,0.17923316359519958,0.16894911229610443,0.4866436007854698,0.2368219941854477,/root/autodl-tmp/Time-Series-Library/outputs/slopemine_v2/timefilter_retune/checkpoints/tf_sl96_lr3em04_do0p1_best.pt,/root/autodl-tmp/Time-Series-Library/outputs/slopemine_v2/timefilter_retune/histories/tf_sl96_lr3em04_do0p1_history.csv
96,12,0.0003,0.2,8,8,8,349,117,117,0.04636172577738762,0.08011744278300294,0.0064188046380877495,0.1725611537694931,0.47386501951683174,0.22454805672168732,0.08331214636564255,0.12060680851983696,0.014546002261340618,0.14772672951221466,0.4306681107311328,0.18547502160072327,0.18253350257873535,0.49461189986400794,0.24464093148708344,/root/autodl-tmp/Time-Series-Library/outputs/slopemine_v2/timefilter_retune/checkpoints/tf_sl96_lr3em04_do0p2_best.pt,/root/autodl-tmp/Time-Series-Library/outputs/slopemine_v2/timefilter_retune/histories/tf_sl96_lr3em04_do0p2_history.csv
96,12,0.0003,0.3,8,8,2,349,117,117,0.05634653940796852,0.08495509741431442,0.0072173685766756535,0.17347244918346405,0.4782009257699309,0.22867612540721893,0.10066359490156174,0.15056172459506803,0.022668832913041115,0.14353437721729279,0.42276086341101476,0.17872674763202667,0.1835576295852661,0.5012628878508637,0.2512644827365875,/root/autodl-tmp/Time-Series-Library/outputs/slopemine_v2/timefilter_retune/checkpoints/tf_sl96_lr3em04_do0p3_best.pt,/root/autodl-tmp/Time-Series-Library/outputs/slopemine_v2/timefilter_retune/histories/tf_sl96_lr3em04_do0p3_history.csv
96,12,0.0005,0.1,8,8,4,349,117,117,0.04813804477453232,0.08427718594603721,0.007102644070982933,0.16481512784957886,0.4709987266193274,0.2218398004770279,0.08185505867004395,0.11441976122796595,0.01309188175946474,0.14537639915943146,0.4277552769400668,0.18297457695007324,0.1731235831975937,0.4917866724727005,0.24185413122177124,/root/autodl-tmp/Time-Series-Library/outputs/slopemine_v2/timefilter_retune/checkpoints/tf_sl96_lr5em04_do0p1_best.pt,/root/autodl-tmp/Time-Series-Library/outputs/slopemine_v2/timefilter_retune/histories/tf_sl96_lr5em04_do0p1_history.csv
96,12,0.0005,0.2,8,8,4,349,117,117,0.046099405735731125,0.0771262764790314,0.005948462523519993,0.16101761162281036,0.46818615061980906,0.21919827163219452,0.07515191286802292,0.10738476632464909,0.011531488038599491,0.13930989801883698,0.42200072499072816,0.1780846118927002,0.17010971903800964,0.4896669789818135,0.23977375030517578,/root/autodl-tmp/Time-Series-Library/outputs/slopemine_v2/timefilter_retune/checkpoints/tf_sl96_lr5em04_do0p2_best.pt,/root/autodl-tmp/Time-Series-Library/outputs/slopemine_v2/timefilter_retune/histories/tf_sl96_lr5em04_do0p2_history.csv
96,12,0.0005,0.3,8,8,8,349,117,117,0.04631365090608597,0.0760813413476,0.005788370501250029,0.16797564923763275,0.46812303257466376,0.21913917362689972,0.07777541130781174,0.11159746315396728,0.012453993782401085,0.14338698983192444,0.42245711678916936,0.17847001552581787,0.1780012995004654,0.4894207894253207,0.2395327091217041,/root/autodl-tmp/Time-Series-Library/outputs/slopemine_v2/timefilter_retune/checkpoints/tf_sl96_lr5em04_do0p3_best.pt,/root/autodl-tmp/Time-Series-Library/outputs/slopemine_v2/timefilter_retune/histories/tf_sl96_lr5em04_do0p3_history.csv
