experiment,description,seq_len,pred_len,split,feature_count,sample_count,row_count,mae,rmse,mse
A1,patch-only internal features,24,1,test,10,128,39296,2.7030013782791684e-08,2.7645009333115913e-08,7.64246541028066e-16
A1,patch-only internal features,24,1,val,10,128,39296,2.7030013782791684e-08,2.7645009333115913e-08,7.64246541028066e-16
A1,patch-only internal features,24,3,test,10,126,38682,2.0070951123329905e-08,2.542630938177177e-08,6.464972087775751e-16
A1,patch-only internal features,24,3,val,10,126,38682,2.0070951123329905e-08,2.542630938177177e-08,6.464972087775751e-16
A1,patch-only internal features,24,6,test,10,123,37761,1.626655610209582e-08,1.902881530077255e-08,3.620958117509155e-16
A1,patch-only internal features,24,6,val,10,123,37761,1.626655610209582e-08,1.902881530077255e-08,3.620958117509155e-16
A1,patch-only internal features,24,12,test,10,117,35919,1.5905394334936318e-08,2.055356868390086e-08,4.2244918564383015e-16
A1,patch-only internal features,24,12,val,10,117,35919,1.5905394334936318e-08,2.055356868390086e-08,4.2244918564383015e-16
A1,patch-only internal features,48,1,test,10,128,39296,7.217188624508708e-08,8.032851229251634e-08,6.452669887128948e-15
A1,patch-only internal features,48,1,val,10,128,39296,7.217188624508708e-08,8.032851229251634e-08,6.452669887128948e-15
A1,patch-only internal features,48,3,test,10,126,38682,5.417239989924383e-08,6.069389798179276e-08,3.6837492522242676e-15
A1,patch-only internal features,48,3,val,10,126,38682,5.417239989924383e-08,6.069389798179276e-08,3.6837492522242676e-15
A1,patch-only internal features,48,6,test,10,123,37761,3.627682687579181e-08,4.543891162539411e-08,2.0646946897003764e-15
A1,patch-only internal features,48,6,val,10,123,37761,3.627682687579181e-08,4.543890929525201e-08,2.0646944779421396e-15
A1,patch-only internal features,48,12,test,10,117,35919,3.7583784973094225e-08,4.445701556897351e-08,1.976426233299953e-15
A1,patch-only internal features,48,12,val,10,117,35919,3.7583784973094225e-08,4.445697746325276e-08,1.976422845168164e-15
A1,patch-only internal features,96,1,test,10,128,39296,8.882640400997843e-08,9.382922828978553e-08,8.80392408145669e-15
A1,patch-only internal features,96,1,val,10,128,39296,8.882640400997843e-08,9.382922828978553e-08,8.80392408145669e-15
A1,patch-only internal features,96,3,test,10,126,38682,7.15733037282007e-08,7.839407793435406e-08,6.145631455177578e-15
A1,patch-only internal features,96,3,val,10,126,38682,7.15733037282007e-08,7.839407793435406e-08,6.145631455177578e-15
A1,patch-only internal features,96,6,test,10,123,37761,8.399991457963552e-08,8.961346347629996e-08,8.030572836218147e-15
A1,patch-only internal features,96,6,val,10,123,37761,8.399991457963552e-08,8.961346820233604e-08,8.030573683251094e-15
A1,patch-only internal features,96,12,test,10,117,35919,5.6744994481050526e-08,6.68470321059346e-08,4.4685257013718505e-15
A1,patch-only internal features,96,12,val,10,117,35919,5.6744994481050526e-08,6.684709229416677e-08,4.468533748184849e-15
A2,A1 + weather,24,1,test,14,128,39296,2.7030013782791684e-08,2.7645009333115913e-08,7.64246541028066e-16
A2,A1 + weather,24,1,val,14,128,39296,2.7030013782791684e-08,2.7645009333115913e-08,7.64246541028066e-16
A2,A1 + weather,24,3,test,14,126,38682,1.8043582628024524e-08,2.2595387674860834e-08,5.105515441772529e-16
A2,A1 + weather,24,3,val,14,126,38682,1.8043582628024524e-08,2.2595387674860834e-08,5.105515441772529e-16
A2,A1 + weather,24,6,test,14,123,37761,1.626655610209582e-08,1.902881530077255e-08,3.620958117509155e-16
A2,A1 + weather,24,6,val,14,123,37761,1.626655610209582e-08,1.902881530077255e-08,3.620958117509155e-16
A2,A1 + weather,24,12,test,14,117,35919,1.4878233756121517e-08,1.9005936381733726e-08,3.612256177465097e-16
A2,A1 + weather,24,12,val,14,117,35919,1.4878233756121517e-08,1.9005936381733726e-08,3.612256177465097e-16
A2,A1 + weather,48,1,test,14,128,39296,5.385961898696223e-08,5.5127744747126047e-08,3.0390682409042833e-15
A2,A1 + weather,48,1,val,14,128,39296,5.385961898696223e-08,5.5127744747126047e-08,3.0390682409042833e-15
A2,A1 + weather,48,3,test,14,126,38682,2.6966150201701566e-08,2.7593325578468163e-08,7.613916164793454e-16
A2,A1 + weather,48,3,val,14,126,38682,2.6966150201701566e-08,2.7593325578468163e-08,7.613916164793454e-16
A2,A1 + weather,48,6,test,14,123,37761,1.9487583102772987e-08,2.0734261191213204e-08,4.2990958714545e-16
A2,A1 + weather,48,6,val,14,123,37761,1.9487583102772987e-08,2.0734261191213204e-08,4.2990958714545e-16
A2,A1 + weather,48,12,test,14,117,35919,2.7132436741794663e-08,3.2960622843073715e-08,1.0864026582033527e-15
A2,A1 + weather,48,12,val,14,117,35919,2.7132436741794663e-08,3.2960622843073715e-08,1.0864026582033527e-15
A2,A1 + weather,96,1,test,14,128,39296,5.3411955747151296e-08,5.476352826765626e-08,2.9990440283223863e-15
A2,A1 + weather,96,1,val,14,128,39296,5.3411955747151296e-08,5.476352826765626e-08,2.9990440283223863e-15
A2,A1 + weather,96,3,test,14,126,38682,1.7894336679091793e-08,2.0560950565008982e-08,4.227526881367432e-16
A2,A1 + weather,96,3,val,14,126,38682,1.7894336679091793e-08,2.0560950565008982e-08,4.227526881367432e-16
A2,A1 + weather,96,6,test,14,123,37761,3.078597643479952e-08,3.50839478587733e-08,1.2308833973571237e-15
A2,A1 + weather,96,6,val,14,123,37761,3.078597643479952e-08,3.508394484089392e-08,1.2308831855988868e-15
A2,A1 + weather,96,12,test,14,117,35919,2.2953637213163347e-08,2.73368543486981e-08,7.473036056819342e-16
A2,A1 + weather,96,12,val,14,117,35919,2.2953637213163347e-08,2.7336852412134354e-08,7.473034998028158e-16
A3,A2 + blast V2,24,1,test,21,128,39296,2.7030013782791684e-08,2.7645009333115913e-08,7.64246541028066e-16
A3,A2 + blast V2,24,1,val,21,128,39296,2.7030013782791684e-08,2.7645009333115913e-08,7.64246541028066e-16
A3,A2 + blast V2,24,3,test,21,126,38682,1.915863556689601e-08,2.6331026130921036e-08,6.933229371072465e-16
A3,A2 + blast V2,24,3,val,21,126,38682,1.915863556689601e-08,2.6331026130921036e-08,6.933229371072465e-16
A3,A2 + blast V2,24,6,test,21,123,37761,1.875008237561815e-08,2.175127784162695e-08,4.731180877436516e-16
A3,A2 + blast V2,24,6,val,21,123,37761,1.875008237561815e-08,2.175127784162695e-08,4.731180877436516e-16
A3,A2 + blast V2,24,12,test,21,117,35919,1.898687429502388e-08,2.363478667007253e-08,5.586031409398381e-16
A3,A2 + blast V2,24,12,val,21,117,35919,1.898687429502388e-08,2.363478667007253e-08,5.586031409398381e-16
A3,A2 + blast V2,48,1,test,21,128,39296,5.385961898696223e-08,5.5127744747126047e-08,3.0390682409042833e-15
A3,A2 + blast V2,48,1,val,21,128,39296,5.385961898696223e-08,5.5127744747126047e-08,3.0390682409042833e-15
A3,A2 + blast V2,48,3,test,21,126,38682,3.1933204525103065e-08,3.664697686604502e-08,1.3430009134204391e-15
A3,A2 + blast V2,48,3,val,21,126,38682,3.1933204525103065e-08,3.664697686604502e-08,1.3430009134204391e-15
A3,A2 + blast V2,48,6,test,21,123,37761,2.5464629516136483e-08,2.98315149492105e-08,8.899192841649696e-16
A3,A2 + blast V2,48,6,val,21,123,37761,2.5464629516136483e-08,2.98315149492105e-08,8.899192841649696e-16
A3,A2 + blast V2,48,12,test,21,117,35919,2.322221170913963e-08,2.7922618057487784e-08,7.796725991843429e-16
A3,A2 + blast V2,48,12,val,21,117,35919,2.322221170913963e-08,2.7922619953425956e-08,7.796727050634613e-16
A3,A2 + blast V2,96,1,test,21,128,39296,5.496012533967587e-08,5.570329453104712e-08,3.1028570216125838e-15
A3,A2 + blast V2,96,1,val,21,128,39296,5.496012533967587e-08,5.570329453104712e-08,3.1028570216125838e-15
A3,A2 + blast V2,96,3,test,21,126,38682,1.7129863749687502e-08,2.03054288182548e-08,4.123104394932126e-16
A3,A2 + blast V2,96,3,val,21,126,38682,1.7129863749687502e-08,2.03054288182548e-08,4.123104394932126e-16
A3,A2 + blast V2,96,6,test,21,123,37761,2.8302450161277193e-08,3.069646582599076e-08,9.422730142062186e-16
A3,A2 + blast V2,96,6,val,21,123,37761,2.8302450161277193e-08,3.069647789828741e-08,9.422737553600475e-16
A3,A2 + blast V2,96,12,test,21,117,35919,2.40152946417993e-08,2.902493399200953e-08,8.424467932405103e-16
A3,A2 + blast V2,96,12,val,21,117,35919,2.40152946417993e-08,2.9024932168075638e-08,8.424466873613919e-16
A4,A2 + blast V3,24,1,test,18,128,39296,1.4901161193847656e-08,1.4901161193847656e-08,2.220446049250313e-16
A4,A2 + blast V3,24,1,val,18,128,39296,1.4901161193847656e-08,1.4901161193847656e-08,2.220446049250313e-16
A4,A2 + blast V3,24,3,test,18,126,38682,1.6016214132719142e-08,2.0120040365884074e-08,4.0481602432480455e-16
A4,A2 + blast V3,24,3,val,18,126,38682,1.6016214132719142e-08,2.0120040365884074e-08,4.0481602432480455e-16
A4,A2 + blast V3,24,6,test,18,123,37761,1.5024792077156235e-08,1.8375867780579622e-08,3.376725166893442e-16
A4,A2 + blast V3,24,6,val,18,123,37761,1.5024792077156235e-08,1.8375867780579622e-08,3.376725166893442e-16
A4,A2 + blast V3,24,12,test,18,117,35919,1.2908286883828168e-08,1.5949026883741656e-08,2.5437145853831407e-16
A4,A2 + blast V3,24,12,val,18,117,35919,1.2908286883828168e-08,1.5949026883741656e-08,2.5437145853831407e-16
A4,A2 + blast V3,48,1,test,18,128,39296,2.9802322387695312e-08,2.9802322387695312e-08,8.881784197001252e-16
A4,A2 + blast V3,48,1,val,18,128,39296,2.9802322387695312e-08,2.9802322387695312e-08,8.881784197001252e-16
A4,A2 + blast V3,48,3,test,18,126,38682,3.1933204525103065e-08,3.664697686604502e-08,1.3430009134204391e-15
A4,A2 + blast V3,48,3,val,18,126,38682,3.1933204525103065e-08,3.664697686604502e-08,1.3430009134204391e-15
A4,A2 + blast V3,48,6,test,18,123,37761,1.6457605056530156e-08,1.942252185379537e-08,3.772343551611588e-16
A4,A2 + blast V3,48,6,val,18,123,37761,1.6457605056530156e-08,1.942252185379537e-08,3.772343551611588e-16
A4,A2 + blast V3,48,12,test,18,117,35919,1.7736489610342687e-08,1.972603492686514e-08,3.891164539359033e-16
A4,A2 + blast V3,48,12,val,18,117,35919,1.7736489610342687e-08,1.972603492686514e-08,3.891164539359033e-16
A4,A2 + blast V3,96,1,test,18,128,39296,2.825414924245706e-08,2.84153998927263e-08,8.074349510635498e-16
A4,A2 + blast V3,96,1,val,18,128,39296,2.825414924245706e-08,2.84153998927263e-08,8.074349510635498e-16
A4,A2 + blast V3,96,3,test,18,126,38682,1.9358566305527347e-08,2.1496761053130873e-08,4.621107357754043e-16
A4,A2 + blast V3,96,3,val,18,126,38682,1.9358566305527347e-08,2.1496761053130873e-08,4.621107357754043e-16
A4,A2 + blast V3,96,6,test,18,123,37761,2.3960343042972454e-08,2.5689679499827936e-08,6.599596328038797e-16
A4,A2 + blast V3,96,6,val,18,123,37761,2.3960343042972454e-08,2.5689679499827936e-08,6.599596328038797e-16
A4,A2 + blast V3,96,12,test,18,117,35919,1.8046620198219898e-08,2.1547023384713013e-08,4.642742167413694e-16
A4,A2 + blast V3,96,12,val,18,117,35919,1.8046620198219898e-08,2.154704304015557e-08,4.642750637743167e-16
